Del;Arbetsmoment;Grupp;Rad;Moment/Typ/Sort;Underlag/Variant;Enhet;0;-1;-2;-3;-4;-5;-6;-7;-8;-9
6;6501010;501;10;Infällda rör (VP 16–20 mm);Valv u-kantsarm = -0 / ö-kantsarm = -1 / planbjälklag = -2 / väggform trä = -3 / väggform stål = -4 / dubbel/färdig pelarform = -5 / stålregel min 45 cm = -6 / träregel = -7;m rör;0,03;0,06;0,05;0,06;0,07;0,11;0,07;0,05;;
6;6501011;501;11;Infällda rör (VP 25–50 mm);Valv u-kantsarm = -0 / ö-kantsarm = -1 / planbjälklag = -2 / väggform trä = -3 / väggform stål = -4 / dubbel/färdig pelarform = -5 / stålregel min 45 cm = -6 / träregel = -7;m rör;0,04;0,07;0,06;0,06;0,08;0,11;0,09;0,07;;
6;6503010;503;10;Utvändiga rör (VP 16–20 mm);Betong/tegel/lättbet./stål ≤5 mm inkl borrn = -0 / Trä, stål ≤3 mm självborr = -1 / Stål exkl borrn = -2 / Ankarskena = -3 / Stege/lina = -4 / Oavsett fästmetod = -5;m rör;0,11;0,08;0,09;0,07;0,03;0,07;;;;
6;6503011;503;11;Utvändiga rör (VP 25–50 mm);Betong/tegel/lättbet./stål ≤5 mm inkl borrn = -0 / Trä, stål ≤3 mm självborr = -1 / Stål exkl borrn = -2 / Ankarskena = -3 / Stege/lina = -4 / Oavsett fästmetod = -5;m rör;0,13;0,1;0,1;0,09;0,03;0,08;;;;
6;6504010;504;10;Maskin inbilning av rör;Betong (-0)/25–50 (-1);m;0,4;0,53;;;;;;;;
6;6504011;504;11;Maskin inbilning av rör;Lättbetong (-0)/25–50 (-1);m;0,07;0,1;;;;;;;;
6;6504012;504;12;Maskin inbilning av rör;Trä, tegel före puts (-0)/25–50 (-1);m;0,12;0,14;;;;;;;;
6;6504013;504;13;Maskin inbilning av rör;Tegel efter puts (-0)/25–50 (-1);m;0,27;0,35;;;;;;;;
6;6506010;506;10;Rörförläggning i färdig bilad spår (VP 16–50);Endast fastsättning (-0);m;0,06;;;;;;;;;
6;6508010;508;10;Rörförläggning utan fastsättning (VP 16–50);16–20 (-0) / 25–50 (-1);m;0,04;0,05;;;;;;;;
6;6513010;513;10;Tillägg – OMG-rör;Tidsätts som VP + tillägg (-0);m;0,03;;;;;;;;;
6;6513011;513;11;Tillägg – SM-rör;Tidsätts som VP + tillägg (-0);m;0,02;;;;;;;;;
6;6513013;513;13;Tillägg – Protec-rör;Tidsätts som VP + tillägg (-0);m;0,02;;;;;;;;;
6;6513014;513;14;Tillägg – spiralslang/robotslang;Tidsätts som VP + tillägg (-0);m;0,03;;;;;;;;;
6;6515010;515;10;Flexibel VP-slang med kabel;Valv/väggform 16–25 (-0) / 32–50 (-1);m slang;0,02;0,03;;;;;;;;
6;6515011;515;11;Flexibel VP-slang m. kabel, Protecsystem;Valv/väggform 16–25 (-0) / 32–50 (-1);m slang;0,03;0,04;;;;;;;;
6;6515014;515;14;Flexibel VP-slang – vid inbilning/reg./utv;16–25 (-0) / 32–50 (-1);m slang;0,01;0,02;;;;;;;;
6;6515015;515;15;Flexibel VP-slang – Protecsystem vid inb/reg/utv;16–25 (-0) / 32–50 (-1);m slang;0,02;0,03;;;;;;;;
6;6521010;521;10;Sammanfogning rör genom dilatationsfog inkl ytterhylsa;Valv/väggform (-0);fog;0,11;;;;;;;;;
6;6521011;521;11;Tillkommande rör i samma ytterhylsa;Valv/väggform (-0);rör;0,03;;;;;;;;;
6;6521013;521;13;Hopskarva i väggelement befintligt rör m. i valv förlagt rör;Valv/väggform (-0);hopskarvning;0,03;;;;;;;;;
6;6521015;521;15;Uppmätning & avpassning röruppgång (max 3 rör, enskiktsvalv);Valv/väggform (-0);uppgångsställe;0,07;;;;;;;;;
6;6521016;521;16;Tillägg röruppgång vid rörförläggning på valvform/planbjälklag;Valv/väggform (-0);uppgångsställe;0,04;;;;;;;;;
6;6521019;521;19;Håltagning i bef ursparning planbjälklag;Valv/väggform (-0);rör;0,01;;;;;;;;;
6;6521020;521;20;Håltagning för rör under/uppifrån i planbjälklag;Valv/väggform (-0);rör;0,08;;;;;;;;;
6;6521021;521;21;Utmätning blivande mellanvägg, typ regelvägg;Valv/väggform (-0);utmätt vägg;0,08;;;;;;;;;
6;6523010;523;10;Hopskarv i prefab betongbjälklag – vägg/valv;Vid inbilning/regelverk (-0);hopskarvning;0,03;;;;;;;;;
6;6523011;523;11;Utmätning blivande mellanvägg i träbjälklag;Vid inbilning/regelverk (-0);utmätt vägg;0,03;;;;;;;;;
6;6523012;523;12;Tillägg för rörförläggning med vävplastskydd (träbjälklag);Vid inbilning/regelverk (-0);m rör;0,01;;;;;;;;;
6;6525010;525;10;Tillägg – förläggning med avståndsklammer;Utvändigt (-0);m;0,02;;;;;;;;;
6;6525012;525;12;Tillägg – röruppgång på olika underlag;Utvändigt (-0);uppgångsställe;0,04;;;;;;;;;
6;6525016;525;16;Hopskarv i väggelement resp. botten med VP/SM-rör;Utvändigt (-0);hopskarvning;0,03;;;;;;;;;
6;6536010;536;10;Dosor på valv/väggform/pl.bjälklag – ID ≤80 mm;u-kant = -0 / ö-kant = -1 / enkel form = -2 / dubbel/färdig pelarform = -3 / planbjälklag = -4;dosa;0,09;0,19;0,09;0,17;0,03;;;;;
6;6536011;536;11;Dosor – ID ≤80 mm, exkl. tätning / tätl. lock/insats;u-kant = -0 / ö-kant = -1 / enkel form = -2 / dubbel/färdig pelarform = -3 / planbjälklag = -4;dosa;0,07;0,18;0,07;0,16;;;;;;
6;6536014;536;14;Fyrkant/dubbeldosa ≤145 mm;u-kant = -0 / ö-kant = -1 / enkel form = -2 / dubbel/färdig pelarform = -3 / planbjälklag = -4;dosa;0,12;0,29;0,12;0,27;;;;;;
6;6536015;536;15;Fyrkant/dubbeldosa ≤180 mm;u-kant = -0 / ö-kant = -1 / enkel form = -2 / dubbel/färdig pelarform = -3 / planbjälklag = -4;dosa;0,13;0,32;0,13;0,3;;;;;;
6;6538010;538;10;Dosor – med maskinell inbilning/regel/utvändigt (ID ≤80);Betong -0 / Lättbetong -1 / Tegel -2 / Trä -3 / På regel/kottl./kloss -4 / I regelvägg på skiva -5 / Thorsmans hålfäste -6 / Oavsett -7;dosa;0,14;0,06;0,08;0,08;0,07;0,06;0,05;0,07;;
6;6538012;538;12;Dosor i tak (ID ≤80);Betong -0 / Lättbetong -1 / Tegel -2 / Trä -3 / På regel -4 / I regelvägg -5 / Hålfäste -6 / Oavsett -7;dosa;;0,15;;0,2;0,1;;;0,1;;
6;6538014;538;14;Dosor ≤80 exkl tätning / med tätningslock/insats;Betong -0 / Lättbetong -1 / Tegel -2 / Trä -3 / På regel -4 / I regelvägg -5;dosa;0,14;0,05;0,07;0,09;0,07;0,06;;;;
6;6538016;538;16;Dosor i tak (ID ≤80) – exkl tätning;Betong -0 / Lättbetong -1 / Tegel -2 / Trä -3 / På regel -4 / I regelvägg -5;dosa;;0,13;;0,2;0,1;;;;;
6;6538018;538;18;Fyrkantdosa ≤145 / rund 80–90 / dubbeldosa;Betong -0 / Lättbetong -1 / Tegel -2 / Trä -3 / På regel -4 / I regelvägg -5 / Oavsett -7;dosa;0,31;0,1;0,12;0,13;0,09;0,09;;0,1;;
6;6538020;538;20;Fyrkantdosa ≤180;Betong -0 / Lättbetong -1 / Tegel -2 / Trä -3 / På regel -4 / I regelvägg -5 / Oavsett -7;dosa;0,59;0,18;0,22;0,25;0,09;0,1;;0,12;;
6;6538022;538;22;Fyrkantdosa ≤300;Betong -0 / Lättbetong -1 / Tegel -2 / Trä -3 / På regel -4 / I regelvägg -5;dosa;;0,37;0,47;0,53;0,09;0,13;;;;
6;6542010;542;10;Tillägg – lösa stosar ≤2 st;—;dosa;0,01;;;;;;;;;
6;6542020;542;20;Tillägg – doskombination gemensam täckplatta;—;doskombination;0,01;;;;;;;;;
6;6542021;542;21;Avväga golvdosa/golvbrunn;—;dosa;0,09;;;;;;;;;
6;6542022;542;22;Montering påbyggnads-/förhöjningsring (skruv);—;dosa;0,01;;;;;;;;;
6;6542025;542;25;Tillägg – inpassning i ramstycken/panel/list/kakel/fasadtegel;—;dosa;0,1;;;;;;;;;
6;6543026;543;26;Tillägg – arbete i kopplings-/tak-/apparatdosa (Protec);—;dosa;0,04;;;;;;;;;
6;6543033;543;33;Tillägg – borrning rörutlopp i dosa (Protec);—;doskombination;0,04;;;;;;;;;
6;6545010;545;10;Genomföringsmuff t.o.m. 4 utlopp (inkl ev. takkrokinsats);u-kant -0 / ö-kant -1 / väggform -2;muff;0,06;0,14;0,05;;;;;;;
6;6545011;545;11;Rörgenomf. mellan väggformar (VP/SM/OMG) t.o.m. Ø50, L≤75 cm;Väggform (-2);rör;;;0,16;;;;;;;
6;6545012;545;12;Genomföringsmuff på stålform inkl borrning;u-kant -0 / ö-kant -1 / väggform stål -2;muff;0,09;0,13;0,07;;;;;;;
6;6545013;545;13;Rörgenomf. mellan väggformar på stålform;Väggform stål (-2);rör;;;0,26;;;;;;;
6;6547010;547;10;Läkt/kloss trä ≤6×11×80 cm – tillverka, fästa, bort;Valv u-kant -0 / ö-kant -1 / Träform -2 / Stålform -3 / Dubbelform trä -4 / Dubbelform stål -5;låda;0,18;0,27;0,19;0,21;0,27;0,3;;;;
6;6547011;547;11;Kloss av frigolit/lättbetong ≤30 cm – tillv/fästa/bort;Valv u-kant -0 / ö-kant -1 / Träform -2 / Stålform -3 / Dubbelform trä -4 / Dubbelform stål -5;låda;0,12;0,18;0,1;0,12;0,15;0,16;;;;
6;6548010;548;10;Låda/ram m.m. – största mått ≤25 cm;På form (trä/stål) inkl borrning = -2 / I regelverk trä -0 / stål -1;låda;;;0,28;0,35;0,44;;;;;
6;6548011;548;11;Låda/ram – största mått 25–75 cm;På form (trä/stål) = -2 / I regelverk trä -0 / stål -1;låda;;;0,55;0,69;0,7;;;;;
6;6548012;548;12;Låda/ram – största mått 75–150 cm;På form (trä/stål) = -2 / I regelverk trä -0 / stål -1;låda;;;1,54;1,92;0,95;;;;;
6;6600010;600;10;Kabelskyddsrör på u-kantsarm/planbjälklag m. naj – släta på ring inkl skarv;Ø t.o.m. 50 = -0 / 75 = -1 / 110 = -2 / 160 = -3;m;0,03;0,04;0,04;;;;;;;
6;6600011;600;11;Kabelskyddsrör på u-kantsarm/planbjälklag – släta dubbelvägg (6 m);Ø t.o.m. 50 = -0 / 75 = -1 / 110 = -2 / 160 = -3;m;0,05;0,05;0,09;0,12;;;;;;
6;6601010;601;10;Kabelskyddsrör täta (6 m), öppen/dold – fästa m klammer/band;Ø 50 = -0 / 75 = -1 / 110 = -2 / 160 = -3;m;0,09;0,09;0,13;0,16;;;;;;
6;6601011;601;11;Kabelskyddsrör täta (6 m), öppen/dold – fästa m strips/naj;Ø 50 = -0 / 75 = -1 / 110 = -2 / 160 = -3;m;0,05;0,05;0,09;0,12;;;;;;
6;6602010;602;10;Kabelskyddsrör på ring i jord/öppen kanal – släta/korr/ dubbelv.;Ø 50 = -0 / 75 = -1 / 110 = -2 / 160 = -3;m;0,04;0,05;0,08;;;;;;;
6;6602011;602;11;Kabelskyddsrör korrugerade enkelvägg på ring;Ø 50 = -0 / 75 = -1 / 110 = -2 / 160 = -3;m;0,01;0,02;0,02;;;;;;;
6;6603010;603;10;Kabelskyddsrör dubbelvägg (6 m) – i jord/öppen kanal utan fastsättning;Ø 50 = -0 / 75 = -1 / 110 = -2 / 160 = -3;m;0,04;0,05;0,08;0,09;;;;;;
6;6603015;603;15;Tillägg – förläggning med avstånd (inkl kloss/hållare);—;m;0,01;;;;;;;;;
6;6603016;603;16;Tillägg – skarvning enl 600/601/603 inkl tätning/infett/kapning;—;m;0,09;;;;;;;;;
6;6998010;998;10;Tillägg vid rörförläggning – rullställning 4–10 m;Motordrivna/ej motordr = -0 / Motordrivna från plattform = -1;m förläggn. sträcka;0,04;0,03;;;;;;;;
6;6998011;998;11;Tillägg vid rörförläggning på lina – rullställning 4–10 m;—;m lina;0,04;0,03;;;;;;;;
6;6998012;998;12;Tillägg vid rörförläggning på hylla/stege – rullställning 4–10 m;—;m rör;0,02;0,01;;;;;;;;
6;6998013;998;13;Tillägg vid håltagning/upps. dosor etc. – rullställning 4–10 m;—;arbetsställe;0,09;0,06;;;;;;;;
7;750101000;501;10;FK/RK (per 10 m) (501);;per 10 m;0.08;;;;;;;;;
7;750101100;501;11;FK/RK/MK (501);;m;;0.01;0.01;0.02;0.02;;;;;
7;750101200;501;12;Tvinnad FK 3–5 led (501);;m;0.03;;;;;;;;;
7;750301000;503;10;Idraga dragtråd i tomrör (503);;m;0.02;;;;;;;;;
7;750901000;509;10;Upplägga/upphänga samt fastsätta gummislangkabel (509);;m kabel;0.01;0.02;0.02;0.03;0.04;;;;;
7;751001000;510;10;Installations-anslutningskabel t.o.m. 5-ledare (510) Area (mm2) ≤2.5;;m kabel;0.03;0.12;0.08;0.03;0.05;0.04;0.03;;;
7;751001100;510;11;Installations-anslutningskabel t.o.m. 5-ledare (510) Area (mm2) 4–6;;m kabel;0.04;0.12;0.09;0.05;0.06;0.05;0.05;;;
7;751001200;510;12;Installations-anslutningskabel t.o.m. 5-ledare (510) Area (mm2) 10–16;;m kabel;0.04;0.16;0.10;0.07;0.07;0.07;0.07;;;
7;751002000;510;20;Installations-anslutningskabel t.o.m. 5-ledare (510) Area (mm2) Tillägg mantlad EKLK;;m kabel;;;;0.04;;;;;;
7;751201000;512;10;Styrkablar (512) Ledare 1.0–1.5 mm² t.o.m. 10 led;;m kabel;0.03;0.12;0.08;0.03;0.05;0.04;0.03;;;
7;751201100;512;11;Styrkablar (512) Ledare 1.5 mm² 11–20 / 1.0 mm² 11–30;;m kabel;0.04;0.12;0.11;0.05;0.06;0.05;0.05;;;
7;751201200;512;12;Styrkablar (512) Ledare 1.5 mm² 21–30 / 1.0 mm² 31–50;;m kabel;0.04;0.15;0.14;0.07;0.07;0.07;0.07;;;
7;751201300;512;13;Styrkablar (512) Ledare 1.5 mm² 31–50 / 1.0 mm² 51–80;;m kabel;0.06;0.16;0.15;0.09;0.09;0.09;0.09;;;
7;751201400;512;14;Styrkablar (512) Ledare 1.5 mm² 51–100 / 1.0 mm² 81–100;;m kabel;0.07;0.21;0.20;0.12;0.12;0.12;0.12;;;
7;751202000;512;20;Styrkablar (512) Ledare Tillägg mantlad EKLR;;m kabel;;;;0.04;;;;;;
7;751301000;513;10;Kulokabel ≤2.5 mm² (oavsett underlag) (513);;m kabel;0.12;;;;;;;;;
7;751601000;516;10;Tillverka klammer av band ≤15 mm (516);;klammer;0.01;;;;;;;;;
7;751601100;516;11;Klammer >15–22 mm (516);;klammer;0.02;;;;;;;;;
7;751601200;516;12;Klammer 25 mm (516);;klammer;0.04;;;;;;;;;
7;751601500;516;15;Tillägg för avståndsklammer (516);;m kabel;0.04;;;;;;;;;
7;751801000;518;10;Lågspänningskabel 1 kV t.o.m. 5-ledare (518) Area (mm2) 2.5;;m kabel;0.03;0.03;0.12;0.08;0.07;0.05;0.04;0.03;0.02;0.02
7;751801100;518;11;Lågspänningskabel 1 kV t.o.m. 5-ledare (518) Area (mm2) 4–6;;m kabel;0.04;0.04;0.12;0.09;0.08;0.05;0.05;0.05;0.02;0.03
7;751801200;518;12;Lågspänningskabel 1 kV t.o.m. 5-ledare (518) Area (mm2) 10–16;;m kabel;0.04;0.05;0.16;0.13;0.09;0.07;0.07;0.08;0.02;0.03
7;751801300;518;13;Lågspänningskabel 1 kV t.o.m. 5-ledare (518) Area (mm2) 25–35;;m kabel;0.05;0.07;0.17;0.14;0.10;0.08;0.09;;0.03;0.05
7;751801400;518;14;Lågspänningskabel 1 kV t.o.m. 5-ledare (518) Area (mm2) 50–70;;m kabel;0.07;0.09;0.23;0.17;0.12;0.12;0.14;;0.05;0.08
7;751801500;518;15;Lågspänningskabel 1 kV t.o.m. 5-ledare (518) Area (mm2) 95–120;;m kabel;0.11;0.14;0.30;0.24;;0.13;0.15;;0.07;0.11
7;751801600;518;16;Lågspänningskabel 1 kV t.o.m. 5-ledare (518) Area (mm2) 150–185;;m kabel;0.16;0.20;0.36;0.29;;0.18;0.20;;0.11;0.17
7;751801700;518;17;Lågspänningskabel 1 kV t.o.m. 5-ledare (518) Area (mm2) 240–300;;m kabel;0.23;0.29;0.46;0.37;;0.24;0.27;;0.16;0.23
7;751802000;518;20;Lågspänningskabel 1 kV t.o.m. 5-ledare (518) Area (mm2) Tillägg koppar 95–300;;m kabel;;0.02;0.02;0.02;;0.02;0.02;;;0.02
7;751802100;518;21;Lågspänningskabel 1 kV t.o.m. 5-ledare (518) Area (mm2) Tillägg polklammer på stege;;m kabel;0.02;0.02;;;;;;;;
7;752901000;529;10;Mellanspänningskabel t.o.m. 24 kV (529) Area (mm2) 6;;m kabel;0.03;0.03;0.05;0.02;0.02;0.02;0.03;;;
7;752901100;529;11;Mellanspänningskabel t.o.m. 24 kV (529) Area (mm2) 10–16;;m kabel;0.03;0.03;0.06;0.02;0.03;0.05;0.08;;;
7;752901200;529;12;Mellanspänningskabel t.o.m. 24 kV (529) Area (mm2) 25–35;;m kabel;0.04;0.05;0.07;0.03;0.03;0.08;0.10;;;
7;752901300;529;13;Mellanspänningskabel t.o.m. 24 kV (529) Area (mm2) 50–70;;m kabel;0.05;0.07;0.09;0.04;0.05;0.10;0.12;;;
7;752901400;529;14;Mellanspänningskabel t.o.m. 24 kV (529) Area (mm2) 95–120;;m kabel;0.11;0.14;0.14;0.06;0.08;0.14;0.16;;;
7;752901500;529;15;Mellanspänningskabel t.o.m. 24 kV (529) Area (mm2) 150–185;;m kabel;0.17;0.20;0.19;0.08;0.11;0.18;0.20;;;
7;752901600;529;16;Mellanspänningskabel t.o.m. 24 kV (529) Area (mm2) 240–300;;m kabel;0.25;0.29;0.25;0.13;0.16;0.24;0.28;;;
7;752901700;529;17;Mellanspänningskabel t.o.m. 24 kV (529) Area (mm2) 400–500;;m kabel;0.27;0.31;0.27;0.15;0.18;0.27;0.31;;;
7;752901800;529;18;Mellanspänningskabel t.o.m. 24 kV (529) Area (mm2) 630;;m kabel;0.31;0.37;0.33;0.17;0.20;0.31;0.35;;;
7;752901900;529;19;Mellanspänningskabel t.o.m. 24 kV (529) Area (mm2) 1000;;m kabel;0.44;;;0.26;;0.40;;;;
7;752902000;529;20;Mellanspänningskabel t.o.m. 24 kV (529) Area (mm2) Tillägg 3-ledare 50–240;;m kabel;;0.02;0.02;;0.02;;;;;
7;752902100;529;21;Mellanspänningskabel t.o.m. 24 kV (529) Area (mm2) Tillägg koppar 95–1000;;m kabel;;0.02;0.02;;0.02;;;;;
7;752902200;529;22;Mellanspänningskabel t.o.m. 24 kV (529) Area (mm2) Tillägg polklammer på stege;;m kabel;0.02;0.02;;;;;;;;
7;753101000;531;10;Vägg-/nedledarfäste (oavsett underlag) (531);;st;0.14;0.10;;;;;;;;
7;753101100;531;11;Fals/nock/hängränneklämma el likn (531);;st;0.14;0.10;;;;;;;;
7;753101200;531;12;Takfäste platt tak (531);;st;0.09;0.05;;;;;;;;
7;753101300;531;13;Takfäste platt tak inkl limning (531);;st;0.22;0.18;;;;;;;;
7;753101400;531;14;Takfäste platt tak m damask inkl limning (531);;st;0.29;0.25;;;;;;;;
7;753101500;531;15;Pot-/jordningsskena ≤0.5 m (exkl inkoppling) (531);;st;0.14;;;;;;;;;
7;753101600;531;16;Pot-/jordningsskena ≤1.5 m (exkl inkoppling) (531);;st;0.21;;;;;;;;;
7;753101700;531;17;Jordningsband för stål/kopparrör (exkl inkoppling) (531);;st;0.10;;;;;;;;;
7;753101800;531;18;Multiklämma/bultförband t.o.m. 1 skruv (531);;st;0.10;;;;;;;;;
7;753101900;531;19;Multiklämma/bultförband t.o.m. 4 skruv (531);;st;0.14;;;;;;;;;
7;753301200;533;12;Förankring med flagglina (533) Orientering Horisontell (-0);;förankring;0.21;;;;;;;;;
7;753301201;533;12;Förankring med flagglina (533) Orientering Vertikal (-1);;förankring;0.27;;;;;;;;;
7;753301300;533;13;Förankring med spännband (533) Orientering Horisontell (-0);;förankring;0.17;;;;;;;;;
7;753301301;533;13;Förankring med spännband (533) Orientering Vertikal (-1);;förankring;0.23;;;;;;;;;
7;753501000;535;10;4–6 mm² (535);;m lina;0.02;0.12;0.05;0.04;0.02;0.01;;0.04;;
7;753501100;535;11;10–16 mm² (535);;m lina;0.02;0.12;0.07;0.06;0.02;0.01;;0.05;;
7;753501200;535;12;25–35 mm² (535);;m lina;0.03;0.12;0.09;0.07;0.04;0.01;;0.06;;
7;753501300;535;13;50–70 mm² (535);;m lina;0.04;0.17;0.10;0.09;0.05;0.02;0.07;0.08;;
7;753501400;535;14;95–120 mm² (535);;m lina;0.05;0.21;0.14;0.10;0.07;0.03;0.08;0.11;;
7;753501500;535;15;150–185 mm² (535);;m lina;0.07;0.28;0.21;0.12;0.11;0.04;;;;
7;753501600;535;16;240–300 mm² (535);;m lina;0.09;0.32;0.24;0.16;0.16;0.06;;;;
7;753502100;535;21;Stållina massiv ≤8 mm (535);;m lina;;0.12;0.09;0.10;0.06;0.04;0.07;0.08;;
7;753502101;535;21;Stållina 10 mm (535);;m lina;;0.14;0.12;0.13;0.08;0.06;0.10;0.11;;
7;753502200;535;22;Rostfri ≤8 mm (535);;m lina;;0.13;0.10;0.11;0.07;0.05;0.08;0.09;;
7;753502300;535;23;Rostfri 10 mm (535);;m lina;;0.15;0.13;0.14;0.09;0.07;0.11;0.12;;
7;753502400;535;24;Plattstål ≤105 mm² (535);;m lina;;;0.12;;0.08;0.05;;0.10;;
7;753502500;535;25;Plattstål ≤160 mm² (535);;m lina;;;0.14;;0.10;0.07;;0.13;;
7;753601000;536;10;Telekablar (förläggning, tillägg, vaselin) (536) Kabeldiameter (mm) 7;;m kabel;0.02;0.03;;;;;;;;
7;753601100;536;11;Telekablar (förläggning, tillägg, vaselin) (536) Kabeldiameter (mm) 10;;m kabel;0.03;0.03;0.10;;;;;;;
7;753601200;536;12;Telekablar (förläggning, tillägg, vaselin) (536) Kabeldiameter (mm) 13;;m kabel;0.04;0.03;0.11;;;;;;;
7;753601300;536;13;Telekablar (förläggning, tillägg, vaselin) (536) Kabeldiameter (mm) 16;;m kabel;0.04;0.03;0.12;;;;;;;
7;753601400;536;14;Telekablar (förläggning, tillägg, vaselin) (536) Kabeldiameter (mm) 20;;m kabel;0.04;0.03;0.13;;;;;;;
7;753601500;536;15;Telekablar (förläggning, tillägg, vaselin) (536) Kabeldiameter (mm) 24;;m kabel;0.05;0.04;0.13;;;;;;;
7;753601600;536;16;Telekablar (förläggning, tillägg, vaselin) (536) Kabeldiameter (mm) 28;;m kabel;0.06;0.04;0.14;;;;;;;
7;753601700;536;17;Telekablar (förläggning, tillägg, vaselin) (536) Kabeldiameter (mm) Tillägg brandlarmskabel;;m kabel;0.01;0.01;;;;;;;;
7;753601800;536;18;Telekablar (förläggning, tillägg, vaselin) (536) Kabeldiameter (mm) Tillägg optokabel;;m kabel;0.02;0.02;;;;;;;;
7;753601900;536;19;Telekablar (förläggning, tillägg, vaselin) (536) Kabeldiameter (mm) Tillägg per +4 mm över 28 mm;;m kabel;0.01;0.01;0.01;;;;;;;
7;753602000;536;20;Telekablar (förläggning, tillägg, vaselin) (536) Kabeldiameter (mm) Tillägg skruvklammer (utvändigt);;m kabel;;;0.03;;;;;;;
7;753701000;537;10;Datakabel ≤10 mm (537);;m;0.02;;;;;;;;;
7;753701100;537;11;Datakabel siames ≤13 mm (537);;m;0.03;;;;;;;;;
7;753801000;538;10;Telekablar (förläggning, tillägg, vaselin) (538) Kabeldiameter (mm) Najning telekabel på stege – hor;;m kabel;0.01;;;;;;;;;
7;753801001;538;10;Telekablar (förläggning, tillägg, vaselin) (538) Kabeldiameter (mm) Najning telekabel på stege – vert;;m kabel;0.03;;;;;;;;;
7;753801100;538;11;Telekablar (förläggning, tillägg, vaselin) (538) Kabeldiameter (mm) Najning bunt 2–6 enl 536;;m bunt;0.02;0.04;;;;;;;;
7;753801200;538;12;Telekablar (förläggning, tillägg, vaselin) (538) Kabeldiameter (mm) Tillägg ytterligare 1–6 kablar i bunt;;m bunt;0.02;0.02;;;;;;;;
7;753901000;539;10;Najning (horisontell) (539);;m bunt kabel;0.02;;;;;;;;;
7;753901001;539;10;Najning (vertikal) (539);;m bunt kabel;0.04;;;;;;;;;
7;754401000;544;10;Telekablar (förläggning, tillägg, vaselin) (544) Kabeldiameter (mm) Rengöra kabelände från vaselin – 10x2;;kabelände;0.04;;;;;;;;;
7;754401001;544;10;Telekablar (förläggning, tillägg, vaselin) (544) Kabeldiameter (mm) Rengöra kabelände från vaselin – 20x2;;kabelände;0.08;;;;;;;;;
7;754401002;544;10;Telekablar (förläggning, tillägg, vaselin) (544) Kabeldiameter (mm) Rengöra kabelände från vaselin – 30x2;;kabelände;0.12;;;;;;;;;
7;754401003;544;10;Telekablar (förläggning, tillägg, vaselin) (544) Kabeldiameter (mm) Rengöra kabelände från vaselin – 50x2;;kabelände;0.21;;;;;;;;;
7;754401004;544;10;Telekablar (förläggning, tillägg, vaselin) (544) Kabeldiameter (mm) Rengöra kabelände från vaselin – 100x2;;kabelände;0.41;;;;;;;;;
7;766201000;662;10;RGP 50 / RGP 100 (662) Placering Vägg (-0);;packningsutrymme;0.36;;;;;;;;;
7;766201001;662;10;RGP 50 / RGP 100 (662) Placering Golv (-1);;packningsutrymme;0.73;;;;;;;;;
7;766201100;662;11;RGP 125 / RGP 150 (662) Placering Vägg (-0);;packningsutrymme;0.53;;;;;;;;;
7;766201101;662;11;RGP 125 / RGP 150 (662) Placering Golv (-1);;packningsutrymme;1.06;;;;;;;;;
7;766201200;662;12;RGB2/RGBO2/RGG2/RGGO2/RGS2/RGSO2/RGP200 (662) Placering Vägg (-0);;packningsutrymme;0.80;;;;;;;;;
7;766201201;662;12;RGB2/RGBO2/RGG2/RGGO2/RGS2/RGSO2/RGP200 (662) Placering Golv (-1);;packningsutrymme;1.60;;;;;;;;;
7;766201300;662;13;RGB4/RGBO4/RGG4/RGGO4/RGS4/RGSO4 (662) Placering Vägg (-0);;packningsutrymme;1.26;;;;;;;;;
7;766201301;662;13;RGB4/RGBO4/RGG4/RGGO4/RGS4/RGSO4 (662) Placering Golv (-1);;packningsutrymme;2.52;;;;;;;;;
7;766201400;662;14;RGB6/RGBO6/RGG6/RGGO6/RGS6/RGSO6 (662) Placering Vägg (-0);;packningsutrymme;1.62;;;;;;;;;
7;766201401;662;14;RGB6/RGBO6/RGG6/RGGO6/RGS6/RGSO6 (662) Placering Golv (-1);;packningsutrymme;3.23;;;;;;;;;
7;766601000;666;10;Torstop brandtätning i färdigborrat hål (666);;brandtätning;0.13;;;;;;;;;
7;767701000;677;10;Kapa/bocka/fästa kabelskydd/skyddsrör ≤2 m (677);;skyddsrör;0.19;;;;;;;;;
7;767701100;677;11;Kabelskydd >75 mm eller >2 m (677);;kabelskydd;0.23;;;;;;;;;
7;767701200;677;12;Tillkapa/isätta/fästa VP/SM-skyddsrör i färdigborrat hål (677);;skyddsrör;0.05;;;;;;;;;
7;768001000;680;10;Utlägga kabelskydd av plast (680);;m;0.01;;;;;;;;;
7;768001200;680;12;Utlägga markeringsband i kabelgrav (680);;m;0.01;;;;;;;;;
7;768401100;684;11;Kron-/gruppdosa ≤2.5 mm² (684);;dosa;0.10;;;;;;;;;
7;768401400;684;14;Spis-/anslutningsdosa ≤2.5 mm² inkl lock med skruv (684);;dosa;0.24;;;;;;;;;
7;768401500;684;15;Spis-/anslutningsdosa ≤6 mm² (684);;dosa;0.33;;;;;;;;;
7;768401600;684;16;Stigardosa/plint ≤6 mm² inkl lock med skruv (684);;dosa;0.30;;;;;;;;;
7;768401700;684;17;Stigardosa/plint ≤16 mm² (684);;dosa;0.44;;;;;;;;;
7;769001000;690;10;Kulodosa (690);;dosa;0.39;0.30;;;;;;;;
7;769201000;692;10;Kapslad dosa med förskruvning/tätningsmuff ≤2.5 (692);;dosa;0.46;0.39;;;;;;;;
7;769201100;692;11;Kapslad dosa 4–6 mm² (692);;dosa;0.54;0.47;;;;;;;;
7;769201200;692;12;Kapslad dosa 10–16 mm² (692);;dosa;0.94;0.85;;;;;;;;
7;769201300;692;13;Kapslad dosa med strypnippel ≤2.5 (692);;dosa;0.41;0.34;;;;;;;;
7;769201400;692;14;Kapslad dosa med strypnippel 4–6 (692);;dosa;0.48;0.41;;;;;;;;
7;769301000;693;10;Kapslad dosa m förskruvning/tätningsmuff ≤2.5 (på stege/ränna) (693);;dosa;0.41;;;;;;;;;
7;769301100;693;11;Dito med uttag 2.5 (693);;dosa;0.44;;;;;;;;;
7;769301200;693;12;Montera uttag på färdigkopplad dosa ≤2.5 (693);;uttag;0.07;;;;;;;;;
7;769401000;694;10;Lock med tryck-/fjäderfasts. (694);;lock;0.01;0.02;;;;;;;;
7;769401100;694;11;Lock med t.o.m. 4 skruv (694);;lock;0.01;0.02;;;;;;;;
7;769601000;696;10;Täcklock (696);;lock;0.01;0.02;;;;;;;;
7;769601500;696;15;Monteringsram (696);;ram;0.02;0.04;;;;;;;;
7;769801000;698;10;Apparattram 2 skruv (uppsättning) (698);;ram;0.10;;;;;;;;;
7;769801500;698;15;Apparattram 4 skruv (uppsättning) (698);;ram;0.14;;;;;;;;;
7;771001000;710;10;Idragning metallmantlad PVC-hölje ≤10 mm (710);;m;0.07;;;;;;;;;
7;771001500;710;15;Idragning plastmantlad med/utan skärm ≤10 mm (710);;m;0.03;;;;;;;;;
7;771201000;712;10;Förläggning metallmantlad – betong/elementbetong botten (712);;m;0.03;;;;;;;;;
7;771201100;712;11;Förläggning metallmantlad – betong/elementbetong trappor (712);;m;0.06;;;;;;;;;
7;771201200;712;12;Förläggning metallmantlad – sand/Leca (712);;m;0.02;;;;;;;;;
7;771201300;712;13;Förläggning metallmantlad – på armering (712);;m;0.04;;;;;;;;;
7;771201400;712;14;Förläggning – takränna/stuprör snäppklamma (712);;m;0.02;;;;;;;;;
7;771201500;712;15;Förläggning – takränna/stuprör skruvklamma (712);;m;0.08;;;;;;;;;
7;771201600;712;16;Förläggning – skruvklamma + lös wire (2 skruv/mutter) (712);;m;0.12;;;;;;;;;
7;771201700;712;17;Förläggning – på rör ≤Ø400 mm (712);;m;0.04;;;;;;;;;
7;771401000;714;10;Anslutning i förskruvning/tätningsenhet (714);;anslutet utlopp;0.08;;;;;;;;;
7;771401001;714;10;Anslutning med uppskalning mantel/skärm (714);;anslutet utlopp;0.13;;;;;;;;;
7;771401002;714;10;Anslutning med uppskalning mantel + armering (714);;anslutet utlopp;0.18;;;;;;;;;
7;771601000;716;10;Fästa distansklammer (inkl borrning) (716);;klammer;0.01;;;;;;;;;
7;771601200;716;12;Avlasta i stuprör – lös wire (716);;avlastning;0.09;;;;;;;;;
7;771601300;716;13;Avlasta i stuprör – ingjuten wire (716);;avlastning;0.16;;;;;;;;;
7;771601700;716;17;Skarva ledare ≤2.5 mm² (press/löd) (716);;ledare;0.03;;;;;;;;;
7;771601900;716;19;Sammanlöda blymantlar – rak skarv (716);;skarv;0.23;;;;;;;;;
7;771602000;716;20;Tillkommande blymantel vid grenskarv (716);;ände;0.15;;;;;;;;;
7;771602200;716;22;Inskjuta kapillärrör i installationsrör (716);;kapillärrör;0.10;;;;;;;;;
7;771602300;716;23;Fästa kapillärrör på rör (2–3 strips) (716);;kapillärrör;0.10;;;;;;;;;
7;771602400;716;24;Fästa kapillärrör med klämmor på underlag (716);;kapillärrör;0.27;;;;;;;;;
7;771602600;716;26;Tillägg – lindning runt komponent enl ritning (716);;komponent;0.22;;;;;;;;;
7;771801000;718;10;Golvvärmekabel – på armering (-0) (718);;m;0.07;;;;;;;;;
7;771801001;718;10;Golvvärmekabel – oavsett (-1) (718);;m;0.06;;;;;;;;;
7;771801100;718;11;Värmekabelmatta – oavsett (-1) (718);;m2;0.35;;;;;;;;;
7;771901000;719;10;Termostat kapslad komplett (719);;st;0.43;;;;;;;;;
7;771901100;719;11;Termostat infälld/utvändig komplett (719);;st;0.37;;;;;;;;;
7;771901200;719;12;Givarkabel inkl rör (719);;st;0.15;;;;;;;;;
7;771901300;719;13;Ändavslutning värmekabel/matta (719);;st;0.24;;;;;;;;;
7;772001000;720;10;Förgreningsdon inkl mont.platta (≤4 ijackningar) + uppordning (720);;förgreningsdon;0.15;0.09;;;;;;;;
7;772001100;720;11;Anslutnings-/förgreningsdosa inkl platta (≤8 ijackningar) + uppordning (720);;dosa;0.20;0.12;;;;;;;;
7;772001200;720;12;Uttagsenhet m platta på stege/ränna inkl ijackning + uppordning (720);;uttagsenhet;0.14;0.08;;;;;;;;
7;772101000;721;10;Separat låsdel (721);;låsdel;0.01;0.01;;;;;;;;
7;772101100;721;11;Stick-/hylskontakt m dragavlastning ≤3-pol (721);;kontakt;0.09;0.06;;;;;;;;
7;772101200;721;12;Stick-/hylskontakt m dragavlastning 4–6-pol (721);;kontakt;0.13;0.08;;;;;;;;
7;772101300;721;13;Vägguttag m snabbkoppling i kanal inkl passtycken + ijackning/uppordning (721);;uttag;0.13;0.08;;;;;;;;
7;772101400;721;14;Ställa fasväljare (721);;väljare;0.02;;;;;;;;;
7;772101500;721;15;Skarvning av kablage inkl uppordning (721);;skarv;0.03;0.02;;;;;;;;
7;772401000;724;10;Fylla dosa med tätningsmassa/tvåkomp gjutharts (724);;dosa;0.12;;;;;;;;;
7;772401100;724;11;Nedtaga/återuppsätta ej skruvfastsatt kassett i undertak (724);;kassett;0.04;;;;;;;;;
7;772401300;724;13;Nedtaga/återuppsätta kassett med t.o.m. 4 skruv (724);;kassett;0.06;;;;;;;;;
7;799801000;998;10;Kabeldragning på ledningshylla/-stege (998);;m kabel;0.02;0.01;;;;;;;;
7;799801100;998;11;Najning (998);;m kabelstege;0.04;0.03;;;;;;;;
7;799801200;998;12;Kabelförläggning på lina (998);;m lina;0.04;0.03;;;;;;;;
7;799801300;998;13;Kabelförläggning på underlag (998);;m förläggningssträcka;0.04;0.03;;;;;;;;
7;799801400;998;14;Dosuppsättning eller dosskoppling (998);;arbetsställe;0.09;0.06;;;;;;;;
7;799801500;998;15;Dragning av kabel i installationsrör (998);;arbetsställe;0.09;0.06;;;;;;;;
8;8502010;502;10;Apparat t.o.m. 3 inkopplingar;Infälld = -0 / Utvändig 1 kabel = -1 / Utvändig 2 kablar = -2 / Kapslad 1 kabel = -3 / Kapslad 2 kablar = -4;apparat;0,12;0,18;;0,21;;;;;;
8;8502011;502;11;Apparat 4–6 inkopplingar;Infälld = -0 / Utvändig 1 = -1 / Utvändig 2 = -2 / Kapslad 1 = -3 / Kapslad 2 = -4;apparat;0,15;0,22;0,23;0,24;0,27;;;;;
8;8502012;502;12;Apparat 7–10 inkopplingar;Infälld = -0 / Utvändig 1 = -1 / Utvändig 2 = -2 / Kapslad 1 = -3 / Kapslad 2 = -4;apparat;0,22;0,3;0,34;0,33;0,37;;;;;
8;8507010;507;10;Tillägg: skruvringsfastsatt apparat, beordrad både klo och skruvring;—;apparat;0,01;;;;;;;;;
8;8507012;507;12;Tillägg: fastsätta täcklock med 4 skruv (inkl 4 täckpluggar);Oavsett underlag;lock;0,09;;;;;;;;;
8;8507014;507;14;Tillägg: tillkommande fästskruv;—;skruv;0,02;;;;;;;;;
8;8507015;507;15;Tillägg: tillkommande inkopplingar;—;inkoppling;0,02;;;;;;;;;
8;8507016;507;16;Tillägg: explosionsskyddad apparat;—;apparat;0,07;;;;;;;;;
8;8507017;507;17;Tillägg: montage­detalj utöver 5 st i apparat;—;detalj;0,02;;;;;;;;;
8;8524010;524;10;Stickpropp/skarvuttag 2-pol m jorddon, max 10 A;—;uttag etc;0,07;;;;;;;;;
8;8524011;524;11;Stickpropp/skarvuttag 4-pol + jorddon, max 16 A;—;uttag etc;0,12;;;;;;;;;
8;8528010;528;10;Relä/kontaktor/motorskyddsbrytare m.m. (max 12 inkoppl.);Ledararea: t.o.m. 2,5 = -0 / 4–6 = -1 / 10–16 = -2 / 25–35 = -3;apparat;0,44;0,52;0,66;0,8;;;;;;
8;8528011;528;11;D:o med snäppfastsättning i skena (inkl ev. låsning);Ledararea: t.o.m. 2,5 = -0 / 4–6 = -1 / 10–16 = -2 / 25–35 = -3;apparat;0,31;0,39;0,53;0,67;;;;;;
8;8529010;529;10;Normkapsling utvändig uppsättning (t.o.m. 6 mod), lock skruv/snäpp;Oavsett underlag;box;0,16;;;;;;;;;
8;8529011;529;11;Normkapsling kapslad (t.o.m. 6 mod), lock skruv/snäpp;Oavsett underlag;box;0,32;;;;;;;;;
8;8535010;535;10;CEE/Internationell standard CUI 216/316/416;Ansluten max 2,5 mm²;uttag;0,37;;;;;;;;;
8;8535011;535;11;CEE/Internationell standard CUI 332/432;Ansluten max 6 mm²;uttag;0,47;;;;;;;;;
8;8535012;535;12;CEE/Internationell standard CUI 363/463;Ansluten max 16 mm²;uttag;0,56;;;;;;;;;
8;8535013;535;13;CEE/Internationell standard CUB 316/416;Ansluten max 6 mm²;uttag;0,52;;;;;;;;;
8;8535014;535;14;CEE/Internationell standard CUB 332/432;Ansluten max 6 mm²;uttag;0,61;;;;;;;;;
8;8535015;535;15;CEE/Internationell standard CUB 363/463;Ansluten max 16 mm²;uttag;0,77;;;;;;;;;
8;8538010;538;10;Stickpropp/skarvuttag CEE 216;—;stickpropp eller uttag;0,19;;;;;;;;;
8;8538011;538;11;Stickpropp/skarvuttag CEE 316;—;stickpropp eller uttag;0,21;;;;;;;;;
8;8538012;538;12;Stickpropp/skarvuttag CEE 416;—;stickpropp eller uttag;0,22;;;;;;;;;
8;8538013;538;13;Stickpropp/skarvuttag CEE 332;—;stickpropp eller uttag;0,25;;;;;;;;;
8;8538014;538;14;Stickpropp/skarvuttag CEE 432;—;stickpropp eller uttag;0,26;;;;;;;;;
8;8538015;538;15;Stickpropp/skarvuttag CEE 363;—;stickpropp eller uttag;0,33;;;;;;;;;
8;8538016;538;16;Stickpropp/skarvuttag CEE 463;—;stickpropp eller uttag;0,36;;;;;;;;;
8;8542010;542;10;Strömställare 3-pol t.o.m. 16 A;Ansluten max 2,5 mm²;apparat;0,61;;;;;;;;;
8;8542011;542;11;Strömställare 3-pol t.o.m. 40 A;Ansluten max 6 mm²;apparat;0,93;;;;;;;;;
8;8542012;542;12;Strömställare 3-pol t.o.m. 80 A;Ansluten max 16 mm²;apparat;1,35;;;;;;;;;
8;8542013;542;13;Strömställare 3-pol t.o.m. 125 A;Ansluten max 35 mm²;apparat;1,59;;;;;;;;;
8;8544010;544;10;Strömställare 6-pol t.o.m. 16 A;Ansluten max 2,5 mm²;apparat;1,11;;;;;;;;;
8;8544011;544;11;Strömställare 6-pol t.o.m. 40 A;Ansluten max 6 mm²;apparat;1,37;;;;;;;;;
8;8544012;544;12;Strömställare 6-pol t.o.m. 80 A;Ansluten max 16 mm²;apparat;1,97;;;;;;;;;
8;8544013;544;13;Strömställare 6-pol t.o.m. 125 A;Ansluten max 35 mm²;apparat;2,45;;;;;;;;;
8;8546010;546;10;Strömställare/omkopplare;Max 2,5 mm²;apparat;0,7;;;;;;;;;
8;8548010;548;10;Motorskyddsbrytare;Ansluten t.o.m. 2,5 mm²;apparat;0,67;;;;;;;;;
8;8548011;548;11;Motorskyddsbrytare;Ansluten 4–6 mm²;apparat;0,93;;;;;;;;;
8;8550010;550;10;Kontaktor med manövrering i locket;Ansluten t.o.m. 2,5 mm²;apparat;0,71;;;;;;;;;
8;8550011;550;11;Kontaktor med manövrering i locket;Ansluten 4–6 mm²;apparat;0,99;;;;;;;;;
8;8552010;552;10;Kontaktor med en signal- eller manöverledning;Ansluten t.o.m. 2,5 mm²;apparat;0,89;;;;;;;;;
8;8552011;552;11;Kontaktor med en signal- eller manöverledning;Ansluten 4–6 mm²;apparat;1,17;;;;;;;;;
8;8554010;554;10;Kontaktormotorskydd med manövrering i locket;Ansluten t.o.m. 2,5 mm²;apparat;0,77;;;;;;;;;
8;8554011;554;11;Kontaktormotorskydd med manövrering i locket;Ansluten 4–6 mm²;apparat;1,04;;;;;;;;;
8;8556010;556;10;Kontaktormotorskydd med en signal- eller manöverkabel;Ansluten t.o.m. 2,5 mm²;apparat;0,95;;;;;;;;;
8;8556011;556;11;Kontaktormotorskydd med en signal- eller manöverkabel;Ansluten 4–6 mm²;apparat;1,22;;;;;;;;;
8;8558010;558;10;Tryckknapps-/signallamplåda t.o.m. 3 apparater;En funktion i vardera, ansluten t.o.m. 2,5 mm²;låda;0,48;;;;;;;;;
8;8998010;998;10;Tillägg rullställning 4–10 m vid apparatuppsättning;Motordrivna/ej motordrivna = -0 / Motordr. från arbetsplattform = -1;arbetsställe;0,09;0,06;;;;;;;;
9;9500010;500;10;Mätartavla 1-pol 25 A;Rör = -0 / Kabel = -1;tavla;0,65;0,78;;;;;;;;
9;9500011;500;11;Mätartavla 1-pol 25 A med avgreningsplint;Rör = -0 / Kabel = -1;tavla;1,12;1,28;;;;;;;;
9;9500012;500;12;Mätartavla 3-pol 25 A;Rör = -0 / Kabel = -1;tavla;0,99;1,1;;;;;;;;
9;9500013;500;13;Mätartavla 3-pol 25 A med avgreningsplint;Rör = -0 / Kabel = -1;tavla;1,53;1,7;;;;;;;;
9;9500014;500;14;Mätartavla 3-pol 63 A;Rör = -0 / Kabel = -1;tavla;1,33;1,45;;;;;;;;
9;9500015;500;15;Mätartavla 3-pol 63 A med avgreningsplint;Rör = -0 / Kabel = -1;tavla;1,97;2,15;;;;;;;;
9;9500016;500;16;Apparattavla för 1 kopplingsur/relä/trappautomat inkl märkning;Rör = -0 / Kabel = -1;tavla;0,76;0,88;;;;;;;;
9;9501010;501;10;Mätarblock av standardtavlor 1–3-pol, 2 mätarplatser;Rör = -0 / Kabel = -1;block;1,3;1,35;;;;;;;;
9;9501011;501;11;Mätarblock standard 3 platser;Rör = -0 / Kabel = -1;block;1,82;1,93;;;;;;;;
9;9501012;501;12;Mätarblock standard 4 platser;Rör = -0 / Kabel = -1;block;2,2;2,35;;;;;;;;
9;9502010;502;10;Mätarblock kompakta 1–3-pol 25 A, 1 plats;Rör = -0 / Kabel = -1;block;0,97;0,98;;;;;;;;
9;9502011;502;11;Mätarblock kompakta, 2 platser;Rör = -0 / Kabel = -1;block;1,35;1,42;;;;;;;;
9;9502012;502;12;Mätarblock kompakta, 3 platser;Rör = -0 / Kabel = -1;block;1,6;1,72;;;;;;;;
9;9502013;502;13;Mätarblock kompakta, 4 platser;Rör = -0 / Kabel = -1;block;1,87;2,03;;;;;;;;
9;9502014;502;14;Mätarblock kompakta, 6 platser;Rör = -0 / Kabel = -1;block;2,32;2,57;;;;;;;;
9;9502015;502;15;Mätarblock kompakta, 1-pol 9 platser;Rör = -0 / Kabel = -1;block;2,21;2,7;;;;;;;;
9;9502016;502;16;Mätarblock kompakta, 3-pol 9 platser;Rör = -0 / Kabel = -1;block;2,73;3,62;;;;;;;;
9;9504010;504;10;Montering mätare 1-pol t.o.m. 25 A;Tavla/skåp = -0 / Block = -1;mätare;0,53;0,45;;;;;;;;
9;9504011;504;11;Montering mätare 3-pol 25–63 A;Tavla/skåp = -0 / Block = -1;mätare;0,73;0,62;;;;;;;;
9;9510010;510;10;Brytare t.o.m. 40 A / 6 mm²;I centralkombinationer;brytare;0,69;;;;;;;;;
9;9510011;510;11;Brytare t.o.m. 80 A / 16 mm²;I centralkombinationer;brytare;0,85;;;;;;;;;
9;9510012;510;12;Brytare t.o.m. 160 A / 70 mm²;Kombination eller separat, max 2 kablar;brytare;1,75;;;;;;;;;
9;9510013;510;13;Brytare t.o.m. 320 A / 185 mm²;Kombination eller separat, max 2 kablar;brytare;2,81;;;;;;;;;
9;9512010;512;10;Gruppcentral G II t.o.m. 3 säkringsapparater;Rör = -0 / Kabel = -1;central;0,8;0,93;;;;;;;;
9;9512011;512;11;Gruppcentral G II 4–6 säkringsapparater;Rör = -0 / Kabel = -1;central;1,02;1,29;;;;;;;;
9;9512012;512;12;Gruppcentral G II 7–12 säkringsapparater;Rör = -0 / Kabel = -1;central;1,47;1,91;;;;;;;;
9;9512013;512;13;Gruppcentral G II 13–18 säkringsapparater;Rör = -0 / Kabel = -1;central;1,71;2,25;;;;;;;;
9;9512014;512;14;Gruppcentral G II 19–27 säkringsapparater;Rör = -0 / Kabel = -1;central;2,63;3,49;;;;;;;;
9;9512015;512;15;Gruppcentral G II 28–36 säkringsapparater;Rör = -0 / Kabel = -1;central;3,31;4,37;;;;;;;;
9;9513010;513;10;Gruppcentral G III t.o.m. 3 säkringsapparater;Rör = -0 / Kabel = -1;central;1;1,1;;;;;;;;
9;9513011;513;11;Gruppcentral G III 4–6 säkringsapparater;Rör = -0 / Kabel = -1;central;1,42;1,63;;;;;;;;
9;9513012;513;12;Gruppcentral G III 7–12 säkringsapparater;Rör = -0 / Kabel = -1;central;2,26;2,68;;;;;;;;
9;9513013;513;13;Gruppcentral G III 13–18 säkringsapparater;Rör = -0 / Kabel = -1;central;2,85;3,49;;;;;;;;
9;9514010;514;10;Kopplingsränna KL 3–12, KLH 2–4 (exkl. fördelningsplint);Rör = -0 / Kabel = -1;ränna;0,26;0,26;;;;;;;;
9;9514011;514;11;Kopplingsränna inkl. fördelningsplint PLK 116–425;Rör = -0 / Kabel = -1;ränna;1,25;1,25;;;;;;;;
9;9516010;516;10;Infälld mediacentral max 75 cm;Oavsett underlag;per mediacentral;1,5;;;;;;;;;
9;9516011;516;11;Infälld mediacentral max 150 cm;Oavsett underlag;per mediacentral;1,8;;;;;;;;;
9;9517010;517;10;Infälld automatsäkrings/multimediacentral – låda ≤75 cm, t.o.m. 12 mod;Oavsett underlag;central;3,3;;;;;;;;;
9;9517011;517;11;D:o – låda ≤75 cm, t.o.m. 21 mod;Oavsett underlag;central;4,2;;;;;;;;;
9;9517012;517;12;D:o – låda ≤75 cm, t.o.m. 30 mod;Oavsett underlag;central;4,95;;;;;;;;;
9;9517013;517;13;D:o – låda ≤75 cm, t.o.m. 39 mod;Oavsett underlag;central;5,85;;;;;;;;;
9;9517014;517;14;D:o – låda ≤150 cm, t.o.m. 12 mod;Oavsett underlag;central;3,55;;;;;;;;;
9;9517016;517;16;D:o – låda ≤150 cm, t.o.m. 21 mod;Oavsett underlag;central;4,45;;;;;;;;;
9;9517017;517;17;D:o – låda ≤150 cm, t.o.m. 30 mod;Oavsett underlag;central;5,25;;;;;;;;;
9;9517018;517;18;D:o – låda ≤150 cm, t.o.m. 39 mod;Oavsett underlag;central;6,15;;;;;;;;;
9;9518010;518;10;Utanpåliggande mediacentral max 75 cm;Oavsett underlag;per mediacentral;0,44;;;;;;;;;
9;9518011;518;11;Utanpåliggande mediacentral max 75 cm, kapslad IP44–67;Oavsett underlag;per mediacentral;0,54;;;;;;;;;
9;9519010;519;10;Utanpåliggande automatsäkrings/multimediacentral ≤120 cm, t.o.m. 12 mod;Oavsett underlag;central;2,22;;;;;;;;;
9;9519011;519;11;D:o ≤120 cm, t.o.m. 21 mod;Oavsett underlag;central;3,03;;;;;;;;;
9;9519012;519;12;D:o ≤120 cm, t.o.m. 30 mod;Oavsett underlag;central;3,21;;;;;;;;;
9;9519013;519;13;D:o ≤120 cm, t.o.m. 39 mod;Oavsett underlag;central;3,84;;;;;;;;;
9;9519014;519;14;Kapslad ≤120 cm IP44–67, t.o.m. 12 mod;Oavsett underlag;central;2,35;;;;;;;;;
9;9519015;519;15;Kapslad ≤120 cm IP44–67, t.o.m. 21 mod;Oavsett underlag;central;3,15;;;;;;;;;
9;9519016;519;16;Kapslad ≤120 cm IP44–67, t.o.m. 30 mod;Oavsett underlag;central;3,35;;;;;;;;;
9;9519017;519;17;Kapslad ≤120 cm IP44–67, t.o.m. 39 mod;Oavsett underlag;central;3,95;;;;;;;;;
9;9520010;520;10;Kapslade centraler – brytare t.o.m. 40 A / 6 mm²;Oavsett underlag;brytare;0,89;;;;;;;;;
9;9520011;520;11;Kapslade centraler – brytare t.o.m. 80 A / 16 mm²;Oavsett underlag;brytare;1,08;;;;;;;;;
9;9520012;520;12;Kapslade centraler – brytare t.o.m. 160 A / 70 mm² (max 2 kablar);Oavsett underlag;brytare;1,84;;;;;;;;;
9;9520013;520;13;Kapslade centraler – brytare t.o.m. 320 A / 185 mm² (max 2 kablar);Oavsett underlag;brytare;3,01;;;;;;;;;
9;9520014;520;14;Kapslade centraler – brytare t.o.m. 630 A / 240 mm² (max 4 kablar);Oavsett underlag;brytare;6,1;;;;;;;;;
9;9520015;520;15;Kapslade centraler – brytare t.o.m. 1000 A / 300 mm² (max 4 kablar);Oavsett underlag;brytare;6,86;;;;;;;;;
9;9522010;522;10;Gängsäkringslåda 25 A;Oavsett underlag;låda;0,94;;;;;;;;;
9;9522011;522;11;Gängsäkringslåda 63 A;Oavsett underlag;låda;1,15;;;;;;;;;
9;9522012;522;12;Gängsäkringslåda 100 A;Oavsett underlag;låda;1,36;;;;;;;;;
9;9522013;522;13;Knivsäkrings-/säkringslastbrytare DIN 00 (≤70 mm²);Oavsett underlag;apparat;1,8;;;;;;;;;
9;9522014;522;14;D:o DIN 0 (≤120 mm²);Oavsett underlag;apparat;2,33;;;;;;;;;
9;9522015;522;15;D:o DIN 1 (≤185 mm²);Oavsett underlag;apparat;2,85;;;;;;;;;
9;9522016;522;16;D:o DIN 1 (≤240 mm²);Oavsett underlag;apparat;3,36;;;;;;;;;
9;9522017;522;17;D:o DIN 2, t.o.m. 15 ledare ≤185 mm²;Oavsett underlag;apparat;5,58;;;;;;;;;
9;9522018;522;18;D:o DIN 3, t.o.m. 15 ledare ≤300 mm²;Oavsett underlag;apparat;7,16;;;;;;;;;
9;9524010;524;10;Kapslade gruppcentraler G II t.o.m. 3 säkringsapparater;Oavsett underlag;central;1,22;;;;;;;;;
9;9524011;524;11;Kapslade G II 4–6 säkringsapparater;Oavsett underlag;central;1,51;;;;;;;;;
9;9524012;524;12;Kapslade G II 7–12 säkringsapparater;Oavsett underlag;central;1,97;;;;;;;;;
9;9524013;524;13;Kapslade G II 13–18 säkringsapparater;Oavsett underlag;central;2,6;;;;;;;;;
9;9524014;524;14;Kapslade G II 19–27 säkringsapparater;Oavsett underlag;central;3,34;;;;;;;;;
9;9525010;525;10;Kapslade gruppcentraler G III t.o.m. 6 apparater;Oavsett underlag;central;1,67;;;;;;;;;
9;9525011;525;11;Kapslade G III 7–9 apparater;Oavsett underlag;central;2,17;;;;;;;;;
9;9525012;525;12;Kapslade G III 10–12 apparater;Oavsett underlag;central;2,63;;;;;;;;;
9;9525013;525;13;Kapslade G III 13–18 apparater;Oavsett underlag;central;3,01;;;;;;;;;
9;9526010;526;10;Fördelningslåda CU-skena 12 mm, 4 flänsöppn.;Oavsett underlag;låda;1,13;;;;;;;;;
9;9526011;526;11;Fördelningslåda CU-skena 12 mm, 6 flänsöppn.;Oavsett underlag;låda;1,91;;;;;;;;;
9;9526012;526;12;Fördelningslåda CU-skena 20 mm, 4 flänsöppn.;Oavsett underlag;låda;1,94;;;;;;;;;
9;9526013;526;13;Fördelningslåda CU-skena 20 mm, 6 flänsöppn.;Oavsett underlag;låda;3,53;;;;;;;;;
9;9526014;526;14;Fördelningslåda utan skenor, 1 insats, 4 flänsöppn.;Oavsett underlag;låda;1,36;;;;;;;;;
9;9526015;526;15;Fördelningslåda utan skenor, 2 insatser, 6 flänsöppn.;Oavsett underlag;låda;2,07;;;;;;;;;
9;9528010;528;10;Övrig kapslad låda t.o.m. 5 kg;Oavsett underlag;låda;0,54;;;;;;;;;
9;9528011;528;11;Övrig kapslad låda >5–25 kg;Oavsett underlag;låda;0,75;;;;;;;;;
9;9529010;529;10;Montera separat enhet i låda/skåp – 1 skruv;Oavsett underlag;fäste etc;0,07;;;;;;;;;
9;9529015;529;15;Montera separat enhet – 2 skruv;Oavsett underlag;fäste etc;0,11;;;;;;;;;
9;9529020;529;20;Montera separat enhet – 3 skruv;Oavsett underlag;fäste etc;0,14;;;;;;;;;
9;9529025;529;25;Montera separat enhet – 4 skruv;Oavsett underlag;fäste etc;0,18;;;;;;;;;
9;9529030;529;30;Tillkommande skruv över 4;Oavsett underlag;skruv;0,04;;;;;;;;;
9;9530010;530;10;Montera samlingsskenor under gängsäkringscentral (ASEA JH IP43) m.m.;Oavsett underlag;m skena;0,09;;;;;;;;;
9;9535010;535;10;Bilvärmecentral t.o.m. 2 uttag ≤2,5 mm²;Oavsett underlag;central;0,58;;;;;;;;;
9;9535011;535;11;Bilvärmecentral t.o.m. 2 uttag 4–6 mm²;Oavsett underlag;central;0,69;;;;;;;;;
9;9535012;535;12;Bilvärmecentral t.o.m. 2 uttag 10–16 mm²;Oavsett underlag;central;0,92;;;;;;;;;
9;9536010;536;10;Bilvärmecentral med stolpe – 2 uttag enkelfläns ≤6 mm²;Oavsett underlag;central;0,88;;;;;;;;;
9;9536011;536;11;D:o med stolpe – 2 uttag 10–16 mm²;Oavsett underlag;central;1,08;;;;;;;;;
9;9536012;536;12;D:o med stolpe – dubbelfläns ≤6 mm²;Oavsett underlag;central;0,65;;;;;;;;;
9;9536013;536;13;D:o med stolpe – dubbelfläns 10–16 mm²;Oavsett underlag;central;0,82;;;;;;;;;
9;9538010;538;10;Elradiator ≤5 kg inkl väggstativ t.o.m. 5 inkoppl.;Oavsett underlag;radiator;0,37;;;;;;;;;
9;9538011;538;11;Elradiator ≤5 kg t.o.m. 10 inkoppl.;Oavsett underlag;radiator;0,45;;;;;;;;;
9;9538012;538;12;Elradiator >5–25 kg inkl väggstativ t.o.m. 5 inkoppl.;Oavsett underlag;radiator;0,52;;;;;;;;;
9;9538013;538;13;Elradiator >5–25 kg t.o.m. 10 inkoppl.;Oavsett underlag;radiator;0,6;;;;;;;;;
9;9538014;538;14;Elradiator >25–50 kg inkl väggstativ t.o.m. 5 inkoppl.;Oavsett underlag;radiator;0,82;;;;;;;;;
9;9538015;538;15;Elradiator >25–50 kg t.o.m. 10 inkoppl.;Oavsett underlag;radiator;0,9;;;;;;;;;
9;9538016;538;16;Värmelist/kamrör/annat ≤5 kg på vägg;Oavsett underlag;radiator;0,34;;;;;;;;;
9;9538017;538;17;Värmelist/kamrör/annat >5–25 kg;Oavsett underlag;radiator;0,44;;;;;;;;;
9;9545010;545;10;Spisfläkt inkl trumsats (inkl ev. konsoler);Oavsett underlag;fläkt;0,77;;;;;;;;;
9;9547010;547;10;Infälld bastupanel t.o.m. 2,5 mm²;Inbilad/regelverk = -0 / Lättbetong = -1 / Tegel f. puts = -2 / Trä inbilat = -3;panel;0,84;0,94;1;0,67;;;;;;
9;9547011;547;11;Infälld bastupanel 6 mm²;Inbilad/regelverk = -0 / Lättbetong = -1 / Tegel f. puts = -2 / Trä inbilat = -3;panel;0,91;1,02;1,08;0,74;;;;;;
9;9549010;549;10;Utanpåliggande bastupanel t.o.m. 2,5 mm²;Oavsett underlag;panel;0,75;;;;;;;;;
9;9549011;549;11;Utanpåliggande bastupanel t.o.m. 6 mm²;Oavsett underlag;panel;0,84;;;;;;;;;
9;9551010;551;10;Bastuaggregat – uppsättning exkl. inkoppling;Oavsett underlag;aggregat;0,64;;;;;;;;;
9;9551011;551;11;Bastuaggregat – inkl. inkoppling t.o.m. 2,5 mm²;Oavsett underlag;aggregat;0,85;;;;;;;;;
9;9551012;551;12;Bastuaggregat – inkl. inkoppling t.o.m. 6 mm²;Oavsett underlag;aggregat;0,9;;;;;;;;;
9;9552010;552;10;Strömförsörjning 15–500 VA;Oavsett underlag;apparat;0,45;;;;;;;;;
9;9552011;552;11;Strömförsörjning >500–2000 VA;Oavsett underlag;apparat;0,6;;;;;;;;;
9;9552015;552;15;Strömförsörjning >2000–5000 VA;Oavsett underlag;apparat;1,31;;;;;;;;;
9;9552020;552;20;Strömförsörjning stickproppsansluten t.o.m. 24 VA;Oavsett underlag;apparat;0,21;;;;;;;;;
9;9552021;552;21;Batterieliminator – inkoppla & ijacka i vägguttag;Oavsett underlag;apparat;0,04;;;;;;;;;
9;9568010;568;10;ASEA VDH IP65 – lastbrytare t.o.m. 63 A;Oavsett underlag;brytare;1,25;;;;;;;;;
9;9568011;568;11;ASEA VDH IP65 – lastbrytare t.o.m. 125 A;Oavsett underlag;brytare;1,66;;;;;;;;;
9;9568012;568;12;ASEA VDH IP65 – lastbrytare 250 A;Oavsett underlag;brytare;2,8;;;;;;;;;
9;9568013;568;13;ASEA VDH IP65 – lastbrytare 355 A;Oavsett underlag;brytare;3,63;;;;;;;;;
9;9568014;568;14;ASEA VDH IP65 – lastbrytare 500/800 A;Oavsett underlag;brytare;4,21;;;;;;;;;
9;9569010;569;10;ASEA VDH IP65 – lastbrytare m gängsäkring t.o.m. 63 A;Oavsett underlag;brytare;1,29;;;;;;;;;
9;9569011;569;11;ASEA VDH IP65 – lastbrytare m knivsäkring 125 A / säkringslastbrytare;Oavsett underlag;brytare;1,53;;;;;;;;;
9;9569012;569;12;ASEA VDH IP65 – säkringslastbrytare 250 A;Oavsett underlag;brytare;2,84;;;;;;;;;
9;9570010;570;10;ASEA VDH IP65 – gängsäkringslåda 25 A;Oavsett underlag;låda;1,1;;;;;;;;;
9;9570011;570;11;ASEA VDH IP65 – gängsäkringslåda 63 A;Oavsett underlag;låda;1,27;;;;;;;;;
9;9570012;570;12;ASEA VDH IP65 – knivsäkringslåda 125 A;Oavsett underlag;låda;1,52;;;;;;;;;
9;9570013;570;13;ASEA VDH IP65 – knivsäkringslåda 125 A, 2×3-pol;Oavsett underlag;låda;1,92;;;;;;;;;
9;9570014;570;14;ASEA VDH IP65 – knivsäkringslåda 250 A;Oavsett underlag;låda;2,83;;;;;;;;;
9;9570015;570;15;ASEA VDH IP65 – knivsäkringslåda 355 A;Oavsett underlag;låda;3,65;;;;;;;;;
9;9570016;570;16;ASEA VDH IP65 – knivsäkringslåda 500/800 A;Oavsett underlag;låda;4,26;;;;;;;;;
9;9571010;571;10;Gängsäkringscentraler G II t.o.m. 9 apparater;Oavsett underlag;central;1,85;;;;;;;;;
9;9571011;571;11;G II 10–15 apparater;Oavsett underlag;central;2,39;;;;;;;;;
9;9571012;571;12;G II 16–18 apparater;Oavsett underlag;central;2,59;;;;;;;;;
9;9572010;572;10;Gängsäkringscentraler G III t.o.m. 6 apparater;Oavsett underlag;central;2,07;;;;;;;;;
9;9572011;572;11;G III 7–12 apparater;Oavsett underlag;central;2,77;;;;;;;;;
9;9572012;572;12;G III 13–15 apparater;Oavsett underlag;central;2,83;;;;;;;;;
9;9574010;574;10;Övrig kapsling m strömtransformatorinsats 355/800 A;Oavsett underlag;kapsling;1,89;;;;;;;;;
9;9574011;574;11;Övrig kapsling t.o.m. 360×360 mm;Oavsett underlag;kapsling;0,7;;;;;;;;;
9;9576010;576;10;Uppställa enhet på golv/hylla ≤1,5 m höjd;Vikt: >5–50 kg = -0 / >50–100 = -1 / >100–200 = -2;enhet;0,18;0,41;1,04;;;;;;;
9;9578010;578;10;Hålat vinkel-/lådprofiljärn – inkl kapning/bockning m.m.;Oavsett underlag;profiljärn;0,23;;;;;;;;;
9;9578011;578;11;Dinskena inkl kapning t.o.m. 4 fästpunkter;Oavsett underlag;st;0,15;;;;;;;;;
9;9580010;580;10;Ankarskena t.o.m. 2 fästpunkter inkl borrning/kapning;Oavsett underlag;skena;0,3;;;;;;;;;
9;9580011;580;11;Ankarskena t.o.m. 4 fästpunkter;Oavsett underlag;skena;0,54;;;;;;;;;
9;9580012;580;12;Ankarskena t.o.m. 6 fästpunkter;Oavsett underlag;skena;0,77;;;;;;;;;
9;9591010;591;10;Uppsättning ej tidsatt – t.o.m. 1 kg;Utan fastsättning = -0 / Oavsett underlag = -1;enhet;0,05;0,1;;;;;;;;
9;9591011;591;11;Uppsättning ej tidsatt – >1–5 kg;Utan fastsättning = -0 / Oavsett underlag = -1;enhet;0,05;0,17;;;;;;;;
9;9591012;591;12;Uppsättning ej tidsatt – >5–25 kg;Utan fastsättning = -0 / Oavsett underlag = -1;enhet;0,1;0,34;;;;;;;;
9;9591013;591;13;Uppsättning ej tidsatt – >25–50 kg (≤4 skruv);Utan fastsättning = -0 / Oavsett underlag = -1;enhet;0,3;0,6;;;;;;;;
9;9591014;591;14;Tillkommande fästskruv utöver 4;Oavsett underlag;skruv;;0,12;;;;;;;;
9;9591015;591;15;Uppsättning ej tidsatt – >50–150 kg (≤6 skruv);Utan fastsättning = -0 / Oavsett underlag = -1;enhet;0,5;1,19;;;;;;;;
9;9591016;591;16;Tillkommande fästskruv utöver 6;Oavsett underlag;skruv;;0,16;;;;;;;;
9;9592010;592;10;Montera säkringssats/knivsäkring i befintlig/färdig central;Oavsett underlag;sats;0,02;;;;;;;;;
9;9595010;595;10;Märkskylt t.o.m. 7×3 cm (med skruv);Oavsett underlag;skylt;0,07;;;;;;;;;
9;9595011;595;11;Märkskylt eller ram t.o.m. 21×30 cm (med skruv);Oavsett underlag;skylt ram;0,1;;;;;;;;;
9;9595015;595;15;Märka och montera signeringsskylt;Oavsett underlag;skylt;0,04;;;;;;;;;
9;9595020;595;20;Tillverka märkskylt med märkapparat inkl montering/tejping;Oavsett underlag;skylt;0,05;;;;;;;;;
9;9595021;595;21;Tillkapa skyltlist med kap- och håltång;Oavsett underlag;skyltlist;0,02;;;;;;;;;
9;9600010;600;10;Utanpåliggande mätarskåp 3-pol t.o.m. 25 A;Oavsett underlag;skåp;1,19;;;;;;;;;
9;9600011;600;11;Utanpåliggande mätarskåp 3-pol t.o.m. 63 A;Oavsett underlag;skåp;1,5;;;;;;;;;
9;9601010;601;10;Infällt mätarskåp 3-pol 25 A;I regelverk (≤30 mm) = -0 / I färdig slits = -1;skåp;1,52;1,06;;;;;;;;
9;9601011;601;11;Infällt mätarskåp 3-pol 63 A;I regelverk (≤30 mm) = -0 / I färdig slits = -1;skåp;1,73;1,26;;;;;;;;
9;9602010;602;10;Tillkommande mätarplats;Oavsett underlag;plats;0,77;;;;;;;;;
9;9617010;617;10;Tillägg: ihopmontering av 2 separata lådor;—;ihopmontering;0,15;;;;;;;;;
9;9617011;617;11;Tillägg: inkoppling inkom/utg. kablar >6–16 mm² (max 63 A);—;central;0,6;;;;;;;;;
9;9617012;617;12;Tillägg: snäppfästa separat apparat i automatsäkringscentral;—;apparat;0,02;;;;;;;;;
9;9619010;619;10;Tillägg: inkoppling inkom/utg. kablar >6–16 mm² (max 63 A);—;central;0,6;;;;;;;;;
9;9619011;619;11;Tillägg: snäppfästa separat apparat i automatsäkringscentral;—;apparat;0,02;;;;;;;;;
9;9998010;998;10;Tillägg rullställning 4–10 m – uppsättning av enheter;Motordr./ej = -0 / Motordr. från plattform = -1;arbetsställe;0,09;0,06;;;;;;;;
10;10500010;500;10;Inkoppling med skruv/bult/överfallsklamma;;inkoppling;0,02;0,02;0,04;0,06;0,08;0,14;0,21;0,32;;
10;10500011;500;11;Inkoppling med färdigskalad ledare eller kabelsko;;inkoppling;0,01;0,02;0,03;0,04;0,05;0,08;0,11;0,16;0,24;0,32
10;10500012;500;12;Inkoppling inkl montering av kabelsko/pinnhylsa;;inkoppling;0,05;0,06;0,08;0,09;0,16;0,26;0,31;0,39;0,49;0,59
10;10500013;500;13;Skruvlös inkoppling med flatstift eller liknande;;inkoppling;0,01;;;;;;;;;
10;10500014;500;14;Slitsplint NER 20101;;inkoppling;0,01;;;;;;;;;
10;10500017;500;17;Inkoppling inkl montering ringkabelsko/pinnhylsa, lödning;;inkoppling;0,04;0,07;0,1;0,14;;;;;;
10;10500018;500;18;Inkoppling med presstång;;inkoppling;0,04;0,05;0,06;0,08;;;;;;
10;10504010;504;10;Skarvning med pressverktyg (Al/Cu);;skarv;0,04;0,05;0,09;0,11;0,12;0,24;0,26;0,3;;
10;10510010;510;10;Plastmantlad kabel ≤2,5 mm² eller Ø ≤17 mm;kabelände;st;0,11;0,09;;0,15;0,12;;;;;
10;10510011;510;11;Plastmantlad kabel 4–6 mm² eller Ø ≤20 mm;kabelände;st;0,13;0,09;;0,17;0,13;;;;;
10;10510012;510;12;Plastmantlad kabel 10–16 mm² eller Ø ≤30 mm;kabelände;st;0,14;0,1;;0,19;0,14;;;;;
10;10510013;510;13;Plastmantlad kabel >16 mm² eller Ø ≤40 mm;kabelände;st;0,16;0,1;0,39;0,21;0,16;;;;;
10;10510015;510;15;Tillägg: halogenfri/brandsäker 6–16 mm² eller Ø ≤30 mm;kabelände;st;0,01;;;;;;;;;
10;10510016;510;16;Tillägg: halogenfri/brandsäker >16 mm² eller Ø ≤40 mm;kabelände;st;0,02;;;;;;;;;
10;10512010;512;10;Kulo-/gummikabel ≤2,5 mm²;kabelände;st;0,07;0,05;;0,08;0,06;;;;;
10;10512011;512;11;Kulo-/gummikabel 4–6 mm²;kabelände;st;0,1;0,07;;0,11;0,08;;;;;
10;10512012;512;12;Kulo-/gummikabel 10–16 mm²;kabelände;st;0,11;0,07;;0,12;0,08;;;;;
10;10512013;512;13;Kulo-/gummikabel 25–35 mm²;kabelände;st;0,12;0,08;;0,13;0,08;;;;;
10;10514011;514;11;Mantlad/skärmad 10–35 mm² eller Ø ≤32 mm;kabelände;st;0,19;0,15;0,29;0,24;0,2;;;;;
10;10514012;514;12;Mantlad/skärmad 50–120 mm² eller Ø ≤47 mm;kabelände;st;;0,23;0,41;;0,29;;;;;
10;10514013;514;13;Mantlad/skärmad 150–300 mm² eller Ø ≤65 mm;kabelände;st;;0,31;0,53;;0,38;;;;;
10;10514015;514;15;Tillägg: halogenfri/brandsäker ≤6 mm² eller Ø ≤17 mm;kabelände;st;0,01;;;;;;;;;
10;10514016;514;16;Tillägg: halogenfri/brandsäker 10–35 mm² eller Ø ≤32 mm;kabelände;st;0,02;;;;;;;;;
10;10514017;514;17;Tillägg: halogenfri/brandsäker 50–120 mm² eller Ø ≤47 mm;kabelände;st;0,03;;;;;;;;;
10;10514018;514;18;Tillägg: halogenfri/brandsäker 150–300 mm² eller Ø ≤65 mm;kabelände;st;0,03;;;;;;;;;
10;10514020;514;20;Tillägg: uppflätning av koppartrådsfläta ≤0,5 m;fläta;st;0,25;;;;;;;;;
10;10516010;516;10;Skarv 2-ledare;komplett inkl uppskalning/press;skarv;0,87;0,92;;;;;;;;
10;10516011;516;11;Skarv 3-ledare;komplett inkl uppskalning/press;skarv;0,98;1,03;;;;;;;;
10;10516012;516;12;Skarv 4-ledare;komplett inkl uppskalning/press;skarv;1,23;1,29;1,4;1,73;2,11;2,59;3,17;;;
10;10516013;516;13;Skarv 5-ledare;komplett inkl uppskalning/press;skarv;1,34;1,41;1,53;1,93;2,38;2,95;3,63;;;
10;10517010;517;10;MV-skarv 10–50 mm² PEX;inomhus/utomhus;skarv;1,8;2,6;;;;;;;;
10;10517012;517;12;MV-skarv 70–95 mm² PEX;inomhus/utomhus;skarv;3;6,55;;;;;;;;
10;10517014;517;14;MV-skarv 120–185 mm² PEX;inomhus/utomhus;skarv;3,47;7,2;;;;;;;;
10;10517016;517;16;MV-skarv 240–300 mm² PEX;inomhus/utomhus;skarv;4;8,6;;;;;;;;
10;10517018;517;18;MV-skarv 400–500 mm² PEX;inomhus/utomhus;skarv;4,6;;;;;;;;;
10;10517020;517;20;MV-skarv 630 mm² PEX;inomhus/utomhus;skarv;5,6;;;;;;;;;
10;10518010;518;10;MV-ändavslutning 10–50 mm² PEX;;ändavslutning;0,55;0,8;0,7;1;;;;;;
10;10518012;518;12;MV-ändavslutning 70–95 mm² PEX;;ändavslutning;0,9;1,6;1;2;;;;;;
10;10518014;518;14;MV-ändavslutning 120–185 mm² PEX;;ändavslutning;1,05;2,2;1,15;2,5;;;;;;
10;10518016;518;16;MV-ändavslutning 240–300 mm² PEX;;ändavslutning;1,2;3;1,35;3,3;;;;;;
10;10518018;518;18;MV-ändavslutning 400–500 mm² PEX;;ändavslutning;1,4;;1,6;;;;;;;
10;10518020;518;20;MV-ändavslutning 630 mm² PEX;;ändavslutning;1,7;;2;;;;;;;
10;10526010;526;10;Uppringning av ej färg-/siffermärkta starkströmsledare;;uppringning;0,06;;;;;;;;;
10;10526012;526;12;Märka kabel/ledare med märkband eller märkpenna;;ledn. ände;0,01;;;;;;;;;
10;10526013;526;13;Märka ledare med märkhylsor (max 10 mm bred);;hylsa;0,01;;;;;;;;;
10;10526015;526;15;Märka kabel/ledare med prefabricerad hylsa t.o.m. 25 mm bred;;per hylsa;0,03;;;;;;;;;
10;10526016;526;16;Tillägg per 10 mm över 25 mm på prefabricerad hylsa;;hylsa;0,01;;;;;;;;;
10;10526017;526;17;Inställa/prova motorskydd, trappautomater, tidur e.d.;;apparat;0,05;;;;;;;;;
10;10526019;526;19;Texta kabelskylt med märkpenna;;skylt;0,01;;;;;;;;;
10;10526021;526;21;Märka kabel med kabelskylt;;skylt;0,01;;;;;;;;;
10;10526026;526;26;Märka kabel med märkband av plåt;;märkband;0,01;;;;;;;;;
10;10527010;527;10;Sammanfoga ledare till stock inkl. utplock;;m stock;0,25;;;;;;;;;
10;10527012;527;12;Ilägga/iskjuta ledare i kabelbunthållare;;m ledare;0,01;;;;;;;;;
10;10527014;527;14;Ilägga/ordna ledare i kabelkanal inkl. lock;;m ledare;0,01;;;;;;;;;
10;10527016;527;16;Kapa kabelkanal av plast;;kapning;0,02;;;;;;;;;
10;10527018;527;18;Fastklistra hållare/kanal på underlag;;m hållare etc;0,05;;;;;;;;;
10;10529010;529;10;Tillägg: särskilt svåråtkomligt/skymt inkopplingsställe;;inkoppling;0,02;;;;;;;;;
10;10529012;529;12;Montera skyddshylsa av plast/gummi över anslutningsställe;;skyddshylsa;0,01;;;;;;;;;
10;10529018;529;18;Tillägg för uppskalning av RHH;;uppskalning;0,01;;;;;;;;;
10;10532010;532;10;Montering i skena – itrycka plint/ändbricka;;plint;0,01;;;;;;;;;
10;10532011;532;11;Låsa plintrad med 2 ändstöd;;plintrad;0,03;;;;;;;;;
10;10532018;532;18;Märka plint inkl ev. märkningshållare;;plint;0,01;;;;;;;;;
10;10532019;532;19;Montera självhäftande märkningsrad;;hel märkningsrad;0,01;;;;;;;;;
10;10534010;534;10;Montera anslutningskabel i dragavlastning;;dragavlastning;0,03;;;;;;;;;
10;10540010;540;10;Doslock t.o.m. 4 skruv;Montera = -0 / Demo+montera = -1;lock;0,02;0,02;;;;;;;;
10;10540011;540;11;Lock/kåpa/beröringsskydd/vred/handtag t.o.m. 4 skruv;Montera = -0 / Demo+montera = -1;lock etc;0,03;0,04;;;;;;;;
10;10540012;540;12;Insats/nollskena/nollplint t.o.m. 25 kg;Montera = -0 / Demo+montera = -1;insats;0,04;0,05;;;;;;;;
10;10545010;545;10;Hopmontera apparater/centrallådor i flänsöppning inkl packning/mellanstycken;;hopmonterad;0,09;;;;;;;;;
10;10545011;545;11;Fästa fläns inkl ev. packning;;fläns;0,05;;;;;;;;;
10;10545012;545;12;Bortta utbrytningar/ursågningar i kåpa;;kåpa;0,04;;;;;;;;;
10;10998010;998;10;Tillägg vid apparatkoppling;Motordrivna/ej = -0 / Motordrivna från plattform = -1;arbetsställe;0,09;0,06;;;;;;;;
11;11001010;001;10;I två monterade wireupphäng;Komplett levererad armatur, oavsett underlag (armatur t.o.m. 75 cm);armatur;0,20;0,23;;;;;;;;
11;11001011;001;11;Med monterade fästen på lina, undertak eller underlag;Komplett levererad armatur, oavsett underlag (armatur t.o.m. 75 cm);armatur;0,16;0,19;;;;;;;;
11;11002010;002;10;Med 2 inkopplingar;Fastsättning med 2 fästskruv, armaturmått t.o.m. 75 cm (T.O.M 3 kg);armatur;0,11;0,09;0,08;;;;;;;
11;11002011;002;11;Med 3 inkopplingar;Fastsättning med 2 fästskruv, armaturmått t.o.m. 75 cm (T.O.M 3 kg);armatur;0,14;0,13;0,10;;;;;;;
11;11002012;002;12;Med stickpropp eller snabbkoppling;Fastsättning med 2 fästskruv, armaturmått t.o.m. 75 cm (T.O.M 3 kg);armatur;0,10;0,08;0,07;;;;;;;
11;11002013;002;13;Tillkommande fästskruv/bult/expander;Fastsättning med 2 fästskruv, armaturmått t.o.m. 75 cm (T.O.M 3 kg);skruv;0,03;;;;;;;;;
11;11002014;002;14;LED list/kabel, 2 st inkopplingar;Fastsättning med 2 fästskruv, armaturmått t.o.m. 75 cm (T.O.M 3 kg);st;0,12;;;;;;;;;
11;11003010;003;10;Med 3 inkopplingar;Fastsättning med 2 fästskruv, armaturmått t.o.m. 75 cm (ÖVER 3 T.O.M 15 kg);armatur;0,18;0,16;0,13;;;;;;;
11;11003011;003;11;Med stickpropp eller snabbkoppling;Fastsättning med 2 fästskruv, armaturmått t.o.m. 75 cm (ÖVER 3 T.O.M 15 kg);armatur;0,14;0,10;0,10;;;;;;;
11;11003012;003;12;Tillkommande fästskruv/bult/expander;Fastsättning med 2 fästskruv, armaturmått t.o.m. 75 cm (ÖVER 3 T.O.M 15 kg);skruv;0,03;;;;;;;;;
11;11004010;004;10;EKK /EBB/EQQ/EKRK/RKK/RBB;Uppskalning t.o.m. 100 cm, ledning t.o.m. 2,5 mm2 + tätningsdon;uppskalning;0,11;0,09;;;;;;;;
11;11004011;004;11;EKLK/EBB-AL/EQLQ;Uppskalning t.o.m. 100 cm, ledning t.o.m. 2,5 mm2 + tätningsdon;uppskalning;0,13;0,09;;;;;;;;
11;11005010;005;10;I en upphängningswire eller kedja;Tillägg upphängning med wire/kedja/pendel;armatur;0,07;;;;;;;;;
11;11005011;005;11;Tillkommande wire eller kedja;Tillägg upphängning med wire/kedja/pendel;wire etc;0,10;;;;;;;;;
11;11005012;005;12;Uppordna anslutningskabel (t.o.m. 5 m) på wire/kedja inkl. avlastning;Tillägg upphängning med wire/kedja/pendel;armatur;0,04;;;;;;;;;
11;11005013;005;13;Uppordna anslutningskabel över 5 m;Tillägg upphängning med wire/kedja/pendel;m;0,02;;;;;;;;;
11;11005014;005;14;Rikta armaturer som monteras med wire/pendel vid taklutning/snedtak;Tillägg upphängning med wire/kedja/pendel;armatur;0,03;;;;;;;;;
11;11006010;006;10;Montera separat lev. rörpendel i armatur;Rörpendel;pendel;0,05;;;;;;;;;
11;11006011;006;11;Kapa rörpendel;Rörpendel;kapning;0,02;;;;;;;;;
11;11006012;006;12;Idraga ledning i rörpendel;Rörpendel;armatur;0,02;;;;;;;;;
11;11007010;007;10;Armaturmått över 75 t.o.m. 175 cm;Tillägg längd;armatur;0,06;;;;;;;;;
11;11007011;007;11;Armaturmått över 175 t.o.m. 300 cm;Tillägg längd;armatur;0,09;;;;;;;;;
11;11007012;007;12;Uppsättning av armatur under överskåp, 145 cm ö.g. eller lägre;Tillägg längd;armatur;0,04;;;;;;;;;
11;11007013;007;13;LED list/kabel utöver 75 cm;Tillägg längd;meter;0,09;;;;;;;;;
11;11008010;008;10;Utan gäng- eller skruvfastsättning;Tillkommande detaljer (t.o.m. 5 kg);detalj;0,01;0,02;;;;;;;;
11;11008011;008;11;Med gäng- eller skruvfastsättning;Tillkommande detaljer (t.o.m. 5 kg);detalj;0,02;0,03;;;;;;;;
11;11008012;008;12;Lys/ledrör;Tillkommande detaljer (t.o.m. 5 kg);st;0,02;0,03;;;;;;;;
11;11008013;008;13;Ljuskälla övriga;Tillkommande detaljer (t.o.m. 5 kg);ljuskälla;0,01;0,02;;;;;;;;
11;11009010;009;10;Skyddstransformator 12 V, dimmerpuckar, komplett monterad;Tillkommande detaljer;st;0,14;;;;;;;;;
11;11010010;010;10;Hopmontera armaturer med skruv i samband med rampmontering;Tilläggsarbeten;hopmontering;0,08;;;;;;;;;
11;11010011;010;11;Borttaga skyddsfilm på reflektor eller raster;Tilläggsarbeten;st;0,03;;;;;;;;;
11;11010012;010;12;Ijacka lys/ledrörshållare i samband med montage (max 4 st);Tilläggsarbeten;armatur;0,04;;;;;;;;;
11;11010013;010;13;Tillägg armatur kapslingsklass IP 44-67;Tilläggsarbeten;armatur;0,05;;;;;;;;;
11;11010014;010;14;Borttaga urtagsanvisning;Tilläggsarbeten;anvisning;0,01;;;;;;;;;
11;11010015;010;15;Påträda slang på manteljord t.o.m. 50 cm;Tilläggsarbeten;slang;0,01;;;;;;;;;
11;11010016;010;16;Tillkommande inkoppling;Tilläggsarbeten;inkoppling;0,02;;;;;;;;;
11;11010017;010;17;Tillkommande inkoppling färdigskalad ledare;Tilläggsarbeten;inkoppling;0,01;;;;;;;;;
11;11010018;010;18;Anslutning jordningskabel;Tilläggsarbeten;anslutning;0,01;;;;;;;;;
11;11010019;010;19;Ijacka snabbkoppling;Tilläggsarbeten;ijackning;0,01;;;;;;;;;
11;11010020;010;20;Montera anslutningskabel i dragavlastning;Tilläggsarbeten;avlastning;0,03;;;;;;;;;
11;11010021;010;21;Mont. av stickkontakt/lamppropp t.o.m. 3 pol med dragavlastning;Tilläggsarbeten;kontakt;0,09;;;;;;;;;
11;11010022;010;22;Montera sladdställ i armatur t.o.m. 3-ledare;Tilläggsarbeten;sladdställ;0,04;;;;;;;;;
11;11010023;010;23;Inställning av switchar i armatur i samband med montage;Tilläggsarbeten;armatur;0,08;;;;;;;;;
11;11011010;011;10;Med 1 skruv;Uppsätta krok/fäste/bygel/konsol för armatur;fäste;0,05;0,02;;;;;;;;
11;11011011;011;11;Med 2 skruv;Uppsätta krok/fäste/bygel/konsol för armatur;fäste;0,09;0,04;;;;;;;;
11;11011012;011;12;Med 4 skruv;Uppsätta krok/fäste/bygel/konsol för armatur;fäste;0,14;0,08;;;;;;;;
11;11011015;011;15;Fastsätta klammer för balk;Uppsätta krok/fäste/bygel/konsol för armatur;klammer;;0,03;;;;;;;;
11;11012010;012;10;Rikta armaturer vid synlig radmontering fr.o.m. fjärde armaturen (mellanrum max 100 cm);Riktning armaturer;armatur;0,07;0,10;;;;;;;;
11;11013010;013;10;Omflytta ej skruvfastsatta kassetter (t.o.m. 5 st) vid armaturmontage i undertak;Undertak;armatur;0,06;;;;;;;;;
11;11013011;013;11;Demontera och montera kassett med 4 skruv (inkl eventuell omflyttning);Undertak;kassett;0,06;;;;;;;;;
11;11013012;013;12;Montera stagwire/metalltråd för armatur i undertak, exkl. fästen;Undertak;wire etc.;0,02;;;;;;;;;
11;11013013;013;13;Montera bärskena i undertak;Undertak;bärskena;0,10;;;;;;;;;
11;11013014;013;14;Montera skyddskåpa/box;Undertak;kåpa;0,05;;;;;;;;;
11;11013015;013;15;Upplägga och anpassa förstärkningsplåt/monteringsskiva vid armaturmontage i undertak;Undertak;plåt;0,07;;;;;;;;;
11;11013016;013;16;Håltagning för ledningsgenomföring;Undertak;hål;0,02;;;;;;;;;
11;11014010;014;10;T.o.m. Ø 70 mm;Håltagning för downlights i undertaksskivor;hål;0,03;0,02;;;;;;;;
11;11014011;014;11;T.o.m. Ø 100 mm;Håltagning för downlights i undertaksskivor;hål;0,05;0,04;;;;;;;;
11;11014012;014;12;T.o.m. Ø 150 mm;Håltagning för downlights i undertaksskivor;hål;0,07;0,05;;;;;;;;
11;11014013;014;13;T.o.m. Ø 200 mm;Håltagning för downlights i undertaksskivor;hål;0,11;0,07;;;;;;;;
11;11014014;014;14;T.o.m. Ø 400 mm;Håltagning för downlights i undertaksskivor;hål;0,14;0,08;;;;;;;;
11;11014015;014;15;T.o.m. Ø 600 mm;Håltagning för downlights i undertaksskivor;hål;0,18;0,10;;;;;;;;
11;11260010;260;10;Armatur fig 1 t.o.m. 2 rör;Rengöring/byte lysrör/ledrör/urladdningslampa;t.o.m. 2 rör;0,16;;;;;;;;;
11;11260011;260;11;Armatur fig 1, 3 t.o.m. 4 rör;Rengöring/byte lysrör/ledrör/urladdningslampa;t.o.m. 4 rör;0,20;;;;;;;;;
11;11260012;260;12;Armatur fig 2 t.o.m. 2 rör;Rengöring/byte lysrör/ledrör/urladdningslampa;t.o.m. 2 rör;0,16;;;;;;;;;
11;11260013;260;13;Armatur fig 2, 3 t.o.m. 4 rör;Rengöring/byte lysrör/ledrör/urladdningslampa;t.o.m. 4 rör;0,20;;;;;;;;;
11;11260014;260;14;Armatur fig 3 t.o.m. 2 rör;Rengöring/byte lysrör/ledrör/urladdningslampa;t.o.m. 2 rör;0,20;;;;;;;;;
11;11260015;260;15;Armatur fig 3, 3 t.o.m. 4 rör;Rengöring/byte lysrör/ledrör/urladdningslampa;t.o.m. 4 rör;0,24;;;;;;;;;
11;11260016;260;16;Armatur för urladdningslampa fig 4;Rengöring/byte lysrör/ledrör/urladdningslampa;urladdningslampa;0,16;;;;;;;;;
11;11262010;262;10;Byte av erforderligt antal glimtändare (inkl hantering av raster/kåpor);Tändare/HF-don/lamphållare;armatur;0,05;;;;;;;;;
11;11262011;262;11;Byte av HF-don i befintlig monterad armatur;Tändare/HF-don/lamphållare;armatur;0,15;;;;;;;;;
11;11262012;262;12;Plocka isär lamphållare i samband med inkoppling;Tändare/HF-don/lamphållare;lamphållare;0,02;;;;;;;;;
11;11270010;270;10;Med eller utan fastsättningsklamma på underlag;Kontaktskenor inkl skarv/änd/anslutningsstycken;m;0,20;;;;;;;;;
11;11270015;270;15;På pendel inkl takfäste;Kontaktskenor inkl skarv/änd/anslutningsstycken;m;0,24;;;;;;;;;
11;11270020;270;20;Armatur på kontaktskena, inkl riktning;Kontaktskenor inkl skarv/änd/anslutningsstycken;armatur;0,10;;;;;;;;;
11;11270021;270;21;Uttagsdon på kontaktskena, inkl riktning;Kontaktskenor inkl skarv/änd/anslutningsstycken;uttagsdon;0,05;;;;;;;;;
11;11270025;270;25;Kapa kontaktskena;Kontaktskenor inkl skarv/änd/anslutningsstycken;kapning;0,12;;;;;;;;;
11;11270030;270;30;Montera vinkelskarv;Kontaktskenor inkl skarv/änd/anslutningsstycken;skarv;0,24;;;;;;;;;
11;11998010;998;10;Tillägg vid användning av rullställning arbetshöjd 4 t.o.m. 10 m vid armaturmontage;Rullställningstillägg;armatur;0,09;0,06;;;;;;;;
12;12501010;501;10;Ändfäste t.o.m. 10 mm²;;linände;0,37;;;;;;;;;
12;12501011;501;11;Ändfäste >10 t.o.m. 25 mm²;;linände;0,42;;;;;;;;;
12;12501012;501;12;Ändfäste >25 t.o.m. 50 mm²;;linände;0,46;;;;;;;;;
12;12503010;503;10;Fäste+stagtråd för bärlina utan linlås/skruvklämma;;tråd;0,12;;;;;;;;;
12;12503011;503;11;Fäste+stagtråd för bärlina med linlås/skruvklämma;;tråd;0,21;;;;;;;;;
12;12503012;503;12;Stagtråd för lina utan fäste/linlås/skruvklämma;;tråd;0,04;;;;;;;;;
12;12503013;503;13;Stagtråd för lina med linlås/skruvklämma;;tråd;0,12;;;;;;;;;
12;12505010;505;10;Utdraga och spänna lina t.o.m. 50 mm²;;m;0,02;;;;;;;;;
12;12506010;506;10;Montera stödben;;ben;0,29;;;;;;;;;
12;12506011;506;11;Kapa bär-/stagbalk/golvplatta (kapanordning finns);;platta/balk;0,15;;;;;;;;;
12;12506012;506;12;Montera bärbalk;;m;0,16;;;;;;;;;
12;12506013;506;13;Montera stagbalk;;m;0,12;;;;;;;;;
12;12506014;506;14;Utlägga golvplatta;;platta;0,09;;;;;;;;;
12;12506016;506;16;Bort-/återlägg befintlig golvplatta;;platta;0,09;;;;;;;;;
12;12515010;515;10;Standardstege – horisontellt;;m;0,07;0,09;;;;;;;;
12;12515011;515;11;Förstärkt stege – horisontellt;;m;0,11;0,14;;;;;;;;
12;12515015;515;15;Standardstege vertikal t.o.m. 300 mm;;m;0,22;0,23;0,13;0,15;;;;;;
12;12515016;515;16;Standardstege vertikal t.o.m. 600 mm;;m;0,24;0,25;0,14;0,16;;;;;;
12;12516010;516;10;Tillägg interiörlackerad stege (ändförslutning+potentialutjämning);;m;0,07;;;;;;;;;
12;12521010;521;10;Standardstege – avvinkling/förgrening;;detalj;0,15;0,31;0,19;;;;;;;
12;12521011;521;11;Förstärkt stege – avvinkling/förgrening;;detalj;0,16;0,32;0,19;;;;;;;
12;12522010;522;10;Väggkonsol 1–2 fästskruv;;st;0,18;;0,05;0,09;;;;;;
12;12522011;522;11;Takfäste (2 fästpkt) m. pendelskena;;st;0,25;;0,13;0,16;;;;;;
12;12522012;522;12;Takfäste (4 fästpkt) m. pendelskena;;st;0,31;;0,18;0,21;;;;;;
12;12522013;522;13;Takpendel (2 fästpkt);;st;0,18;;0,06;0,09;;;;;;
12;12522014;522;14;Takpendel (4 fästpkt);;st;0,23;;0,11;0,14;;;;;;
12;12522015;522;15;Bärok på pendel;;st;;;0,05;0,09;;;;;;
12;12522016;522;16;Konsol på pendel;;st;;;0,05;0,09;;;;;;
12;12522017;522;17;Takfäste för trapetsplåt;;st;;0,11;;;;;;;;
12;12522018;522;18;Montageskena för takfäste inkl kapning (2 fästpkt);;st;0,25;;0,11;;;;;;;
12;12525010;525;10;Upplägga ränna utan fastsättning;;m;0,03;;;;;;;;;
12;12525011;525;11;Upplägga+fästa ränna (bocka fästnabbar);;m;0,04;;;;;;;;;
12;12525012;525;12;Upplägga+fästa ränna (skruv/mutter/naj i bef. hål);;m;0,07;;;;;;;;;
12;12526010;526;10;Kapa pendel;;pendel;0,03;;;;;;;;;
12;12526011;526;11;Skarva pendel (4 skruv);;skarv;0,11;;;;;;;;;
12;12526012;526;12;Montera pendelstag;;stag;0,11;;;;;;;;;
12;12526013;526;13;Lock ≤100 mm;;lock;0,04;;;;;;;;;
12;12526014;526;14;Lock >100 t.o.m. 400 mm;;lock;0,06;;;;;;;;;
12;12526015;526;15;Urtag i lock för kabelgenomföring;;urtag;0,05;;;;;;;;;
12;12526016;526;16;Fästplåt/bottenplatta för dosa/armatur/apparat på stege/ränna;;fästplåt etc;0,04;;;;;;;;;
12;12526017;526;17;Fästa Caddyklamma/Fastways i samband med montage;;klämma;0,03;;;;;;;;;
12;12526018;526;18;Kassett/tvärskena/ränna (interiör- eller olackerad) – montera;;kassett;0,04;;;;;;;;;
12;12526019;526;19;Låsa kabelstege med bult på konsol;;fästpunkt;0,03;;;;;;;;;
12;12526020;526;20;Underläggsplatta (förstärkning);;st;0,05;;;;;;;;;
12;12526021;526;21;Färgmärkning stege (märkplåt/tejp);;st;0,02;;;;;;;;;
12;12526022;526;22;Ändskydd till stege/pendel;;st;0,03;;;;;;;;;
12;12530010;530;10;Trådstege – upplägg inkl skarvning (horis./vert.);;m;0,07;0,08;0,11;0,11;;;;;;
12;12530011;530;11;Tillägg: rakskarv med klippning;;skarv;0,04;0,07;0,07;0,08;;;;;;
12;12530012;530;12;Nivåavvinkling;;avvinkling;0,05;0,05;0,05;0,05;;;;;;
12;12530013;530;13;Vertikal avvinkling;;avvinkling;0,08;0,13;0,13;0,19;;;;;;
12;12530014;530;14;Avvinkling 90°;;avvinkling;0,07;0,12;0,13;0,21;;;;;;
12;12530015;530;15;Böj 90°;;böj;0,16;0,8;1,06;1,43;;;;;;
12;12530016;530;16;Rak förgrening;;förgrening;0,16;0,18;0,21;0,22;;;;;;
12;12530017;530;17;Sned förgrening;;förgrening;0,17;0,22;0,22;0,26;;;;;;
12;12530018;530;18;Y-förgrening;;förgrening;0,17;0,19;0,21;0,26;;;;;;
12;12530020;530;20;Takkonsol komplett för stege ≤220 mm;;st;0,31;0,31;0,18;0,22;;;;;;
12;12530021;530;21;Takkonsol komplett för stege ≤622 mm;;st;0,37;0,37;0,24;0,28;;;;;;
12;12530022;530;22;Väggkonsol;;st;0,18;0,18;0,05;0,09;;;;;;
12;12530023;530;23;Fäste;;st;0,11;0,15;0,04;0,06;;;;;;
12;12530030;530;30;Radiebegränsare;;st;0,04;;;;;;;;;
12;12530031;530;31;Plastknopp (skydd);;st;0,01;;;;;;;;;
12;12530032;530;32;Dosplåt;;st;0,04;;;;;;;;;
12;12530033;530;33;Teleränna med naj/skruv;;m;0,07;;;;;;;;;
12;12530034;530;34;Teleränna utan fastsättning;;m;0,03;;;;;;;;;
12;12530035;530;35;Avskiljningsplåt m. naj/skruv/fäste;;m;0,07;;;;;;;;;
12;12530036;530;36;Potentialutjämningsskruv (inkoppling tillkommer);;st;0,11;;;;;;;;;
12;12530037;530;37;Kapa pendel;;pendel;0,03;;;;;;;;;
12;12540010;540;10;Olackerad – upplägg inkl skarv (låsplugg) och rak avkapning;;m;0,06;0,07;0,11;0,14;;;;;;
12;12540011;540;11;Interiörlackerad – upplägg inkl dekorskarv;;m;0,09;0,11;0,27;0,3;;;;;;
12;12542010;542;10;Olackerad – avvinkling/förgrening;;detalj;0,14;0,17;;;;;;;;
12;12542011;542;11;Interiörlackerad – avvinkling/förgrening;;detalj;0,16;0,19;;;;;;;;
12;12542012;542;12;4-vägsförgrening (interiörlackerad/olackerad);;förgren.-detalj;;0,38;;;;;;;;
12;12544010;544;10;Lock olackerad;;m;0,04;0,04;0,06;0,08;;;;;;
12;12544011;544;11;Lock interiörlackerad;;m;0,05;0,06;0,08;0,11;;;;;;
12;12546010;546;10;Väggränna olackerad;;m;0,12;;;;;;;;;
12;12546011;546;11;Väggränna interiörlackerad;;m;0,15;;;;;;;;;
12;12551010;551;10;Väggkonsol 1–2 fästskruv;;st;0,18;;0,05;0,09;;;;;;
12;12551011;551;11;Takfäste (2 fästpkt) m. pendelskena;;st;0,25;;0,13;0,16;;;;;;
12;12551012;551;12;Takpendel (2 fästpkt);;st;0,18;;0,06;0,09;;;;;;
12;12551013;551;13;Bärok på pendel;;st;;;0,05;0,09;;;;;;
12;12551014;551;14;Konsol på pendel;;st;;;0,05;0,09;;;;;;
12;12551015;551;15;Trådpendel komplett montage;;st;0,22;;0,15;0,16;;;;;;
12;12551016;551;16;Rörpendel komplett montage;;st;0,31;;0,23;0,25;;;;;;
12;12551017;551;17;Wirependel komplett montage;;st;0,33;;0,26;0,28;;;;;;
12;12551018;551;18;Takfäste för trapetsplåt;;st;;0,11;;;;;;;;
12;12551019;551;19;Montageskena för takfäste inkl kapning (2 fästpkt);;st;0,25;;0,11;;;;;;;
12;12552010;552;10;Bredd t.o.m. 100 mm – olackerad;;m skena;0,14;;;;;;;;;
12;12552011;552;11;Bredd t.o.m. 400 mm – olackerad;;m skena;0,17;;;;;;;;;
12;12552012;552;12;Interiörlackerad t.o.m. 100 mm;;m skena;0,17;;;;;;;;;
12;12552013;552;13;Interiörlackerad t.o.m. 400 mm;;m skena;0,21;;;;;;;;;
12;12553011;553;11;Kapa pendel;;pendel;0,03;;;;;;;;;
12;12553012;553;12;Skarva pendel (4 skruv);;skarv;0,11;;;;;;;;;
12;12553013;553;13;Rörskarv;;skarv;0,05;;;;;;;;;
12;12553014;553;14;Montera pendelstag;;stag;0,11;;;;;;;;;
12;12553015;553;15;Urtag i lock för kabelgenomföring;;urtag;0,05;;;;;;;;;
12;12553016;553;16;Fästplåt/bottenplatta/hållare för dosa/armatur på ränna/skena;;st;0,04;;;;;;;;;
12;12553017;553;17;Kassett/tvärskena/ränna – montera;;kassett;0,04;;;;;;;;;
12;12553018;553;18;Avskiljningsplåt i skena/ränna inkl stödband/mellanstycke/kapning;;m;0,05;;;;;;;;;
12;12553019;553;19;Underläggsplatta (förstärkning);;st;0,05;;;;;;;;;
12;12553020;553;20;Färgmärkning ränna/armaturskena;;st;0,02;;;;;;;;;
12;12553021;553;21;Montering armaturhållare;;st;0,03;;;;;;;;;
12;12553022;553;22;Potentialutjämning (4 skruv/popnit) – fig. 4;;skarv;0,11;;;;;;;;;
12;12560010;560;10;Stolpe t.o.m. 4,5 m;;stolpe;0,48;;;;;;;;;
12;12560011;560;11;Stolpe t.o.m. 6,0 m;;stolpe;0,65;;;;;;;;;
12;12560012;560;12;Stolpe t.o.m. 8,0 m;;stolpe;0,86;;;;;;;;;
12;12560013;560;13;Tillägg: resning med påmonterad armatur;;armatur;0,11;;;;;;;;;
12;12560014;560;14;Tillägg: påmonterad lys-/LED-rörsarmatur inkl riktning;;armatur;0,16;;;;;;;;;
12;12560015;560;15;Montera+ansluta stolpinsats inkl ev. driftdon (t.o.m. 10 mm²);;insats;0,73;;;;;;;;;
12;12575010;575;10;Betong – hållängd ≤10 cm;;hål;0,04;0,08;0,16;;;;;;;
12;12575011;575;11;Betong – hållängd ≤15 cm;;hål;0,06;0,12;0,22;;;;;;;
12;12575012;575;12;Betong – hållängd ≤20 cm;;hål;0,08;0,15;0,3;;;;;;;
12;12575013;575;13;Betong – tillkommande 5 cm;;påbörjad 5 cm;0,02;0,04;0,07;;;;;;;
12;12576010;576;10;Elementbetong – hållängd ≤10 cm;;hål;0,06;0,13;0,26;;;;;;;
12;12576011;576;11;Elementbetong – hållängd ≤15 cm;;hål;0,08;0,19;0,39;;;;;;;
12;12576012;576;12;Elementbetong – hållängd ≤20 cm;;hål;0,11;0,25;0,52;;;;;;;
12;12576013;576;13;Elementbetong – tillkommande 5 cm;;påbörjad 5 cm;0,03;0,06;0,13;;;;;;;
12;12578020;578;20;Lättbetong – hållängd ≤7 cm;;hål;0,02;0,03;0,12;0,17;;;;;;
12;12578021;578;21;Lättbetong – hållängd ≤30 cm;;hål;0,03;0,06;0,18;0,25;;;;;;
12;12579020;579;20;Tegel – hållängd ≤15 cm;;hål;0,04;0,06;0,14;0,21;;;;;;
12;12579021;579;21;Tegel – hållängd ≤30 cm;;hål;0,06;0,09;0,17;0,27;;;;;;
12;12579022;579;22;Tegel – hållängd ≤45 cm;;hål;0,08;0,13;0,19;0,33;;;;;;
12;12579023;579;23;Tegel – tillkommande 10 cm;;hål;0,02;0,03;0,06;0,1;;;;;;
12;12580010;580;10;Trä – hållängd ≤5 cm;;hål;0,02;0,03;;;;;;;;
12;12580011;580;11;Trä – hållängd ≤12 cm;;hål;0,03;0,06;;;;;;;;
12;12580012;580;12;Trä – hållängd ≤20 cm;;hål;0,05;0,09;;;;;;;;
12;12580013;580;13;Trä – hållängd ≤30 cm;;hål;0,06;0,12;;;;;;;;
12;12581010;581;10;Trossbotten – hållängd ≤30 cm;;hål;0,07;0,14;;;;;;;;
12;12581011;581;11;Trossbotten – hållängd ≤50 cm;;hål;0,11;0,19;;;;;;;;
12;12582010;582;10;Håltagning för brandlarmskabel i lättbetongtak över bärbalkar;;hål;0,08;;;;;;;;;
12;12582012;582;12;Håltagning i ställverksgolv t.o.m. Ø100×50 mm (dosborr/hålsåg);;hål;0,11;;;;;;;;;
12;12583010;583;10;Stål t.o.m. 2 mm godstjocklek;;hål;0,02;0,03;0,05;;;;;;;
12;12583011;583;11;Stål t.o.m. 5 mm godstjocklek;;hål;0,03;0,04;0,05;;;;;;;
12;12583012;583;12;Stål t.o.m. 10 mm godstjocklek;;hål;0,05;0,06;0,07;;;;;;;
12;12583013;583;13;Stål t.o.m. 15 mm godstjocklek;;hål;0,09;0,09;;;;;;;;
12;12583018;583;18;Hål i stål t.o.m. Ø50 mm med hålstans (inkl förborrning, stål ≤2 mm);;hål;0,07;;;;;;;;;
12;12583020;583;20;Montera gummibussning i plåthål;;bussning;0,02;;;;;;;;;
12;12583022;583;22;Montera Molly-bult utan anspänningsverktyg / Platti-plugg / Spring-Toggler;;bult;0,01;;;;;;;;;
12;12583030;583;30;Hål i stål Ø21–40 mm (stål ≤3 mm / plast ≤6 mm) – stegborr/konisk/hålsåg;;hål;0,08;;;;;;;;;
12;12583031;583;31;Hål i stål Ø41–75 mm (stål ≤3 mm / plast ≤6 mm) – stegborr/konisk/hålsåg;;hål;0,17;;;;;;;;;
12;12583034;583;34;Rektangulärt hål i stål ≤3 mm, största mått 75–125 mm (förborrning+sticksåg);;hål;0,29;;;;;;;;;
12;12583036;583;36;Rektangulärt hål i plast, största mått 75–125 mm;;hål;0,18;;;;;;;;;
12;12583038;583;38;Rektangulärt hål i stål ≤3 mm, största mått >125–200 mm;;hål;0,44;;;;;;;;;
12;12583039;583;39;Rektangulärt hål i plast, största mått >125–200 mm;;hål;0,19;;;;;;;;;
12;12584010;584;10;"Gängning t.o.m. M8 / W 5/16""";;hål;0,02;;;;;;;;;
12;12585010;585;10;Inner- eller yttergänga;;gängning;0,03;;;;;;;;;
12;12998010;998;10;Tillägg vid uppläggning av stege/trådstege/ränna/armaturskena/montageskena/svagströmsränna;;m;0,04;0,03;;;;;;;;
12;12998011;998;11;Tillägg vid montering av bärbygel på lina för trådstege;;m trådstege;0,04;0,03;;;;;;;;
12;12998015;998;15;Tillägg för änd-/bärfäste e.d. vid utdragning av bärlina;;stödpunkt;0,09;0,06;;;;;;;;
12;12998016;998;16;Tillägg vid håltagning/konsol-/pendeluppsättning e.d.;;arbetsställe;0,09;0,06;;;;;;;;
13;13504010;504;10;Ellist/fästlist med eller utan lock på vägg/tak inkl. kapning;;m;0,08;;;;;;;;;
13;13506010;506;10;Minikanal – plast;;m;0,15;;;;;;;;;
13;13506011;506;11;Minikanal – trä/metall;;m;0,17;;;;;;;;;
13;13506012;506;12;Avgreningsdosa inkl. demont./mont. av lock samt urtag;;st;0,11;;;;;;;;;
13;13508010;508;10;Kanal – plast;;m;0,16;0,26;0,36;;;;;;;
13;13508011;508;11;Kanal – metall/trä;;m;0,18;0,28;0,38;;;;;;;
13;13510010;510;10;Fönsterbänkskanal – plast;;m;0,16;0,31;0,39;;;;;;;
13;13510011;510;11;Fönsterbänkskanal – metall;;m;0,18;0,33;0,41;;;;;;;
13;13514010;514;10;Front/lock för tillkommande fack inkl. kapning;;m;0,05;;;;;;;;;
13;13514011;514;11;Kabelhylla/mellanvägg inkl. kapning;;m;0,04;;;;;;;;;
13;13514012;514;12;Montering av väggkonsol;;konsol;0,11;;;;;;;;;
13;13514013;514;13;Mellanlägg för väggkonsol;;konsol;0,02;;;;;;;;;
13;13514014;514;14;Tak-/väggram/ändstycke – snäppfastsatta;;st;0,05;;;;;;;;;
13;13514015;514;15;Montera ljudtätning vid väggenomföring;;kanalgenomföring;0,15;;;;;;;;;
13;13514016;514;16;Montage/anslutning av separat potentialutjämning/jordningsbleck;;st;0,05;;;;;;;;;
13;13514017;514;17;Avvinkla kanal med färdig detalj inkl. front;;avvinkling;0,18;;;;;;;;;
13;13514018;514;18;Avvinkla kanal inkl. lock med gersågning;;avvinkling;0,25;;;;;;;;;
13;13514019;514;19;Ventilationsgaller inkl. kapning, skarv och hållare – montage;;m;0,05;;;;;;;;;
13;13514020;514;20;Konvektorskärm inkl. konsolsats – montage;;st;0,11;;;;;;;;;
13;13514021;514;21;Borttaga skyddsfilm på kanal/lock;;m;0,02;;;;;;;;;
13;13514022;514;22;Demont. och mont. av lock vid komplettering i bef. kanal;;m;0,05;;;;;;;;;
13;13514023;514;23;Buntbandsfäste;;st;0,03;;;;;;;;;
13;13514024;514;24;Kapning av kanal när kapmaskin ej tillhandahålls;;kapning;0,07;;;;;;;;;
13;13514025;514;25;Kapning av lock när kapmaskin ej tillhandahålls;;kapning;0,04;;;;;;;;;
13;13514030;514;30;Installationsbox exkl. inkoppling;;box;0,15;;;;;;;;;
13;13514031;514;31;Avgreningsenhet/avgreningsdosa;;st;0,11;;;;;;;;;
13;13514032;514;32;Tak-/väggram/ändstycke – skruvfastsatt;;st;0,11;;;;;;;;;
13;13518010;518;10;Tomdosa i kanal;;st;0,04;;;;;;;;;
13;13518011;518;11;Apparatdosa inkl. montering och anslutning av vägguttag;;st;0,27;;;;;;;;;
13;13518012;518;12;Snabbkopplingsuttag ”Masteruttag” med kabelanslutning – montage;;uttag;0,17;;;;;;;;;
13;13518013;518;13;Vägguttag med snabbkoppling inkl. ijackning och uppordning av kablage – montage;;uttag;0,13;;;;;;;;;
13;13518014;518;14;Slavuttag på befintligt snabbkopplingsuttag – montage;;uttag;0,07;;;;;;;;;
13;13518015;518;15;Tillägg för uppskalning och dragavlastning vid anslutning av väggapparat i dosa;;apparat;0,09;;;;;;;;;
13;13526010;526;10;Kabelhållare – 1 fästpunkt;;hållare;0,03;;;;;;;;;
13;13526011;526;11;Underlist t.o.m. 1 m;;m;0,14;;;;;;;;;
13;13526012;526;12;Underlist – del över 1 m;;m;0,08;;;;;;;;;
13;13526013;526;13;Bottenplatta för kopplingsdosa – 2 fästpunkter;;platta;0,06;;;;;;;;;
13;13526014;526;14;Sockeldosa (bottenplatta + kåpa) – 2 fästpunkter;;dosa;0,07;;;;;;;;;
13;13526015;526;15;Tillkommande fästpunkt;;skruv;0,02;;;;;;;;;
13;13528010;528;10;Fästa kabelhållare på underlist;;hållare;0,01;;;;;;;;;
13;13528011;528;11;Fästa täcklist på hållare/underlist/klemmiklammer;;m;0,05;;;;;;;;;
13;13528013;528;13;Kapa med bågfil när kapsax ej tillhandahålles;;kapning;0,02;;;;;;;;;
13;13999010;999;10;Tillägg vid montering av list- och kanalsystem;;arbetsställe;0,09;0,06;;;;;;;;
14;14500010;500;10;Förläggning flexibel kanalskena 3-/5-ledare t.o.m. 2,5 mm²;;m;0,05;0,09;0,03;;;;;;;
14;14501010;501;10;Montering av inmatningslåda;;låda;0,26;0,16;;;;;;;;
14;14501011;501;11;Montering av ändavslutning;;ände;0,07;;;;;;;;;
14;14501012;501;12;Fixering av inmatningslåda/uttag (inkl. ev. fästen);;inmatningslåda/uttag;0,05;;;;;;;;;
14;14530010;530;10;Skenelement enkelsidig / 1-krets;;m skena;0,09;;;;;;;;;
14;14530012;530;12;Skenelement dubbelsidig / 2-krets;;m skena;0,11;;;;;;;;;
14;14540010;540;10;Vajerpendel komplett – montering;;st;0,33;0,26;;;;;;;;
14;14540011;540;11;Rörpendel komplett – montering;;st;0,31;0,23;;;;;;;;
14;14540012;540;12;Universalfäste (1 skruv) – montering;;st;0,11;0,04;;;;;;;;
14;14540013;540;13;Kapa pendel;;st;0,03;;;;;;;;;
14;14540014;540;14;Skarva pendel / rörskarv;;st;0,05;;;;;;;;;
14;14540015;540;15;Takfäste för trapetsplåt;;st;0,1;;;;;;;;;
14;14550010;550;10;Fästa inmatningslåda + montera skarvdon till strömskena;;låda;0,11;;;;;;;;;
14;14550012;550;12;Byte av uttagstätning;;st;0,05;;;;;;;;;
14;14550013;550;13;Kapa skena;;st;0,09;;;;;;;;;
14;14550014;550;14;Ändavslutning – montering;;st;0,03;;;;;;;;;
14;14551010;551;10;Ijackning av stickpropp i uttag inkl. uppordning av sladd;;ijackn.;0,03;0,02;;;;;;;;
14;14551011;551;11;Montering av förgreningsdon inkl. 1–4 ijackningar + kablageuppordning;;förgreningsdon;0,15;0,09;;;;;;;;
14;14551012;551;12;Montering av stickpropp 2-pol + PE eller stick-/hylskontakt;;kontakt;0,09;0,06;;;;;;;;
14;14551013;551;13;Montering av stickpropp för belysningsstyrning – enkel;;kontakt;0,13;0,08;;;;;;;;
14;14551014;551;14;Montering av stickpropp för belysningsstyrning – dubbel/trapp;;kontakt;0,17;0,1;;;;;;;;
14;14551015;551;15;Fasväxling i stickpropp;;stickpropp;0,02;;;;;;;;;
14;14551016;551;16;Montering av separat låsdel för sladdställ;;låsdel;0,01;0,01;;;;;;;;
14;14600010;600;10;Uppläggning skenelement – horisontalt/vertikalt;;m skena;0,06;0,11;0,31;;;;;;;
14;14600011;600;11;Tillägg – skenelement med påmonterad låda;;enhet;;0,1;0,12;;;;;;;
14;14600012;600;12;Tillägg – vinkel-/kors-/T-element;;element;;0,11;0,29;;;;;;;
14;14610010;610;10;El-skarv med skruvförband;;skarv;0,26;0,42;0,8;;;;;;;
14;14610011;610;11;El-skarv med skarvblock;;skarv;0,21;0,34;0,64;;;;;;;
14;14620010;620;10;Täta kapslingsskarv (Canalis KU) – tätningsmassa + 4 byglar, IP54;;skarv;0,3;;;;;;;;;
14;14630010;630;10;Fastsätta ändavslutning;;ändavslutning;0,11;0,13;0,13;;;;;;;
14;14630011;630;11;Fästa inmatningslåda + montera skarvdon till strömskenor;;låda;0,11;0,16;0,25;;;;;;;
14;14630012;630;12;Montera uttagslåda;;låda;0,04;0,09;0,57;;;;;;;
14;14640010;640;10;Fästanordning med två pendeljärn;;fästanordn.;0,54;0,29;;;;;;;;
14;14640012;640;12;Fästanordning med en pendel + universalfäste;;fästanordn.;0,31;0,18;;;;;;;;
14;14640014;640;14;Fästanordning direkt på underlag;;fästanordn.;0,25;0,08;;;;;;;;
14;14998010;998;10;Tillägg vid uppläggning av skenelement;;m skena;0,04;0,03;;;;;;;;
14;14998011;998;11;Tillägg vid montering av konsol/fästanordning etc.;;arbetsställe;0,09;0,06;;;;;;;;
15;15500010;500;10;Uppställa/inpassa/avväga enhet – vikt över 5 t.o.m. 50 kg;;enhet;0,18;;;;;;;;;
15;15500012;500;12;Uppställa/inpassa/avväga enhet – vikt över 50 t.o.m. 100 kg;;enhet;0,41;;;;;;;;;
15;15500014;500;14;Uppställa/inpassa/avväga enhet – vikt över 100 t.o.m. 200 kg;;enhet;1,04;;;;;;;;;
15;15500016;500;16;Uppställa/inpassa/avväga enhet – vikt över 200 t.o.m. 400 kg;;enhet;1,67;;;;;;;;;
15;15500018;500;18;Uppställa/inpassa/avväga enhet – vikt över 400 t.o.m. 600 kg;;enhet;2,31;;;;;;;;;
15;15500020;500;20;Uppställa/inpassa/avväga enhet – vikt över 600 t.o.m. 800 kg;;enhet;2,93;;;;;;;;;
15;15505010;505;10;Fästa enhet med t.o.m. 4 skruv/bult – oavsett underlag;;enhet;0,31;;;;;;;;;
15;15510010;510;10;Hopmontera och upprikta 2 enheter;;hopmont.;0,41;0,5;;;;;;;;
15;15510012;510;12;Tillkommande skruv/bult över 12;;bult;0,04;;;;;;;;;
15;15520010;520;10;Skarva, påsticka eller ansluta skena t.o.m. 4 bult;;förband;0,27;0,37;0,42;0,52;0,62;;;;;
15;15520012;520;12;Tillkommande bult över 4;;bult;0,05;0,07;0,11;0,11;0,11;;;;;
15;15520014;520;14;Montera separat levererad skena i skenhållare;;hållare;0,11;0,12;0,2;0,25;0,33;;;;;
20;20501010;501;10;Teleapparat t.o.m. 4 inkopplingar inkl. jack/kopplingsplint;;apparat;0,12;;;;;;;;;
20;20501011;501;11;Teleapparat utvändig ≤1 kg inkl. jack/kopplingsplint;;apparat;0,19;;;;;;;;;
20;20501012;501;12;Teleapparat utvändig >1–5 kg inkl. jack/kopplingsplint;;apparat;0,26;;;;;;;;;
20;20501013;501;13;Teleapparat utvändig >5–25 kg inkl. jack/kopplingsplint;;apparat;0,45;;;;;;;;;
20;20505010;505;10;Karmkontakter på trä/färdigborrat, t.o.m. 4 inkopplingar;;sats;0,25;;;;;;;;;
20;20505015;505;15;Karmkontakter inkl. infällning i trä, t.o.m. 4 inkopplingar;;sats;0,47;;;;;;;;;
20;20507010;507;10;Signalhorn/sirén ≤5 kg, 4 fästskruv, t.o.m. 4 inkopplingar;;apparat;0,23;;;;;;;;;
20;20507015;507;15;Signalhorn/sirén >5–25 kg;;apparat;0,3;;;;;;;;;
20;20509010;509;10;Propp/hylsa t.o.m. 4 inkopplingar med lödning;;propp/hylsa;0,09;;;;;;;;;
20;20509012;509;12;Propp/hylsa t.o.m. 12 inkopplingar skruv/lödning;;propp/hylsa;0,2;;;;;;;;;
20;20509014;509;14;Ijacka propp/hylsa;;propp/hylsa;0,02;;;;;;;;;
20;20512010;512;10;Transformator/likriktare/agg 15–500 VA;;apparat;0,45;;;;;;;;;
20;20512011;512;11;D:o >500–2000 VA;;apparat;0,6;;;;;;;;;
20;20512013;512;13;D:o >2000–5000 VA;;apparat;1,31;;;;;;;;;
20;20512015;512;15;Stickproppsanslutet ≤24 VA;;apparat;0,21;;;;;;;;;
20;20512017;512;17;Batterieliminator, inkoppla + ijacka i uttag;;apparat;0,04;;;;;;;;;
20;20512025;512;25;Uppställa/inpassa batteri på golv;5–25 kg;batteri;0,2;0,25;0,43;;;;;;;
20;20512026;512;26;Uppställa/inpassa batteri på hylla ≤1,5 m;5–25/50/100 kg;batteri;0,23;0,37;0,62;;;;;;;
20;20512030;512;30;Hopmontera batteriprovare;;batt.provare;0,03;;;;;;;;;
20;20512031;512;31;Fästa hållare för batteriprovare;;hållare;0,1;;;;;;;;;
20;20512032;512;32;Fästa jordklämma på vattenledningsrör;;klämma;0,06;;;;;;;;;
20;20512035;512;35;Montera huv och finsäkring;;sats;0,03;;;;;;;;;
20;20512036;512;36;Montera batteri ≤5 kg;;batteri;0,04;;;;;;;;;
20;20513010;513;10;Utv. kopplingsbox snäpplock, 1 fästskruv;;box;0,07;;;;;;;;;
20;20513015;513;15;Utv. kopplingsbox snäpplock, 2 fästskruv;;box;0,1;;;;;;;;;
20;20513020;513;20;Utv. kopplingsbox snäpplock, 4 fästskruv;;box;0,15;;;;;;;;;
20;20515010;515;10;Utv. kopplingsbox lock 1 skruv;;box;0,09;;;;;;;;;
20;20515015;515;15;Utv. kopplingsbox lock 2 skruv;;box;0,11;;;;;;;;;
20;20515020;515;20;Utv. kopplingsbox lock 4 skruv;;box;0,16;;;;;;;;;
20;20517010;517;10;Täcklock (montering);;lock;0,01;;;;;;;;;
20;20517015;517;15;Monteringsram (montering);;ram;0,02;;;;;;;;;
20;20519010;519;10;Apparatram med 2 skruv;;ram;0,1;;;;;;;;;
20;20519015;519;15;Apparatram med 4 skruv;;ram;0,14;;;;;;;;;
20;20522010;522;10;Hopmontera grundstativ NBF11003 el. likn (exkl. fastsättning);;stativ;0,59;;;;;;;;;
20;20522011;522;11;Fästa stativ med expander/fransk skruv;;stativ;0,59;;;;;;;;;
20;20522012;522;12;Fästa stativ golv + övre i kabelstege;;stativ;0,43;;;;;;;;;
20;20522015;522;15;Montera sats för kopplingsplintar NBH10202 el. likn;;sats;0,09;;;;;;;;;
20;20522020;522;20;Montera sats för apparater NBH10402 el. likn;;sats;0,17;;;;;;;;;
20;20522025;522;25;Montera sats NBH10303 för plintpaket RNT702 Mini-KK;;sats;0,36;;;;;;;;;
20;20522030;522;30;Montera trådledare 675075;;trådledare;0,03;;;;;;;;;
20;20522035;522;35;Montera reläskena 447047/3 inkl. tillbehör;;sats;0,15;;;;;;;;;
20;20522040;522;40;Montera skyddshuv 312198 på NBH10201;;huv;0,01;;;;;;;;;
20;20522045;522;45;Montera skena NBH10401 / ram NBH10201 (2 skruv+mutters);;skena/ram;0,09;;;;;;;;;
20;20522050;522;50;Montera skena/ram + kabelstöd;;skena/ram/stöd;0,07;;;;;;;;;
20;20522055;522;55;Montera plinthållare NBH70203 (2 skruv);;hållare;0,03;;;;;;;;;
20;20524010;524;10;Montera separat plinthållare på ram/box;;hållare;0,03;;;;;;;;;
20;20524015;524;15;Montera kopplingsplint snäppfast;;plint;0,02;;;;;;;;;
20;20524016;524;16;Montera kopplingsplint skruvfast;;plint;0,03;;;;;;;;;
20;20524020;524;20;Hopmontera/uppsätta komplett hylsdon RNT702 i Mini-KK;;hylsdon;0,04;;;;;;;;;
20;20524025;524;25;Märka + montera signeringsskylt;;skylt;0,03;;;;;;;;;
20;20524030;524;30;Påsätta tillsatsklämma på plinthållare;;klämma;0,01;;;;;;;;;
20;20526010;526;10;Plastmantlad tele/elektronik/koax m enkel fläta ≤Ø13 mm;uppskal t.o.m. 40/100 cm;kabelände;0,05;;0,07;0,05;;;;;;
20;20528010;528;10;Uppfläta+tvinna koppartrådsfläta till ledare ≤20 cm;;skärm;0,05;;;;;;;;;
20;20530010;530;10;Inkoppling i stativ/teleapparat: t.o.m. 1 mm²;Skruv/Slitsplint/Lödning;ink;0,01;0,01;0,02;;;;;;;
20;20532010;532;10;Dra korskopplingstråd;;m;0,02;;;;;;;;;
20;20534010;534;10;Rakskarv EKU t.o.m. 4 ledare;;skarv;0,05;;;;;;;;;
20;20534030;534;30;Rakskarv övrig telekabel;antal ledare 4/5–10/11–20/21–40/41–60/100/200;skarv;0,27;0,39;0,53;0,89;1,22;1,94;3,48;;;
20;20534035;534;35;Rakskarv övrig tele utomhus;antal ledare 4/5–10/11–20/21–40/41–60/100/200;skarv;0,4;0,58;0,79;1,34;1,83;2,92;5,22;;;
20;20534060;534;60;Tillägg gjutharts-skarvbox;antal ledare 4/5–10/11–20/21–40/41–60/100/200;skarv;0,17;0,17;0,17;0,14;0,14;0,06;0,06;;;
20;20534065;534;65;Tillägg gjutharts-skarvbox utomhus;antal ledare 4/…;skarv;0,25;0,25;0,25;0,21;0,21;0,1;0,1;;;
20;20540010;540;10;Huvudur t.o.m. 8 inkopplingar;;huvudur;0,43;;;;;;;;;
20;20540015;540;15;Programur t.o.m. 5 inkopplingar;;programur;0,34;;;;;;;;;
20;20542010;542;10;Synkron/sekundärur i dosa t.o.m. 5 inkopplingar;;ur;0,13;;;;;;;;;
20;20543010;543;10;Synkron/sekundärur ≤400 mm, 1 fästskruv, t.o.m. 5 ink;;ur;0,19;;;;;;;;;
20;20543015;543;15;D:o >400–700 mm;;ur;0,31;;;;;;;;;
20;20543020;543;20;D:o >700–1000 mm, t.o.m. 4 fästskruv;;ur;0,59;;;;;;;;;
20;20550010;550;10;Synkron/sekundärur inkl. belysningsdel >400–700 mm;;ur;0,82;;;;;;;;;
20;20550015;550;15;D:o >700–1000 mm;;ur;1,07;;;;;;;;;
20;20553010;553;10;Enkelsidigt ur på konsol ≤400 mm, exkl. list, t.o.m. 5 ink;;ur;0,33;;;;;;;;;
20;20553015;553;15;Enkelsidigt ur på konsol ≤400 mm inkl. list;;ur;0,45;;;;;;;;;
20;20553020;553;20;Enkelsidigt ur >400–700 mm;;ur;1,03;;;;;;;;;
20;20553025;553;25;Enkelsidigt ur >700–1000 mm;;ur;1,26;;;;;;;;;
20;20561010;561;10;Dubbelsidigt ur på konsol ≤400 mm exkl. list, t.o.m. 8 ink;;ur;0,44;;;;;;;;;
20;20561015;561;15;Dubbelsidigt ur på konsol ≤400 mm inkl. list;;ur;0,55;;;;;;;;;
20;20561020;561;20;Dubbelsidigt ur >400–700 mm;;ur;1,28;;;;;;;;;
20;20561025;561;25;Dubbelsidigt ur >700–1000 mm;;ur;1,57;;;;;;;;;
20;20573010;573;10;Impulsförstärkare/relä, 6 inkopplingar;;ur;0,31;;;;;;;;;
20;20575010;575;10;Enkelsidigt ur på stolpe >400–700 mm t.o.m. 5 ink;;ur;0,72;;;;;;;;;
20;20575015;575;15;D:o >700–1000 mm;;ur;0,91;;;;;;;;;
20;20579010;579;10;Dubbelsidigt ur på stolpe >400–700 mm t.o.m. 8 ink;;ur;1;;;;;;;;;
20;20584010;584;10;Klocka/blankettstämpel, stickpropp;;ur;0,03;;;;;;;;;
20;20584015;584;15;D:o inkl. 2 inkopplingar i bef. dosa;;ur;0,06;;;;;;;;;
20;20584020;584;20;Klocka/blankettstämpel t.o.m. 5 inkopplingar;;ur;0,14;;;;;;;;;
20;20590015;590;15;Programmera ur med programstift;;stift;0,05;;;;;;;;;
20;20600010;600;10;Larmtryckknapp infälld i dosa;;apparat;0,15;;;;;;;;;
20;20600015;600;15;Larmtryckknapp utvändig inomhus;;apparat;0,17;;;;;;;;;
20;20600020;600;20;Larmtryckknapp kapslad utvändig;;apparat;0,18;;;;;;;;;
20;20603016;603;16;Ventilationsmätkammare inkl. detektor + håltagning;;apparat;0,74;;;;;;;;;
20;20603017;603;17;D:o inkl. montageplåt;;apparat;0,84;;;;;;;;;
20;20604010;604;10;Rök/värme/flamdetektor inkl. sockel (ev. fästplatta/täckring);;apparat;0,19;;;;;;;;;
20;20604015;604;15;Detektor med sockel/dosa för fuktiga lokaler;;apparat;0,25;;;;;;;;;
20;20604020;604;20;Detektor + hissanordning (2 brytringar) + anslutningsdosa;;hissanordn.;0,81;;;;;;;;;
20;20604025;604;25;Sockel inkl. ev. insats/fästplatta;;sockel;0,13;;;;;;;;;
20;20604030;604;30;Separat dosa;;dosa;0,09;;;;;;;;;
20;20604032;604;32;Indikering/summer på detektorsockel;;apparat;0,1;;;;;;;;;
20;20604035;604;35;Montera rökdetektorinsats (1 skruv/bajonett) när ej samtidigt;;insats;0,06;;;;;;;;;
20;20604040;604;40;Brandlarmsklocka/siren/blixtljus;;apparat;0,2;;;;;;;;;
20;20604042;604;42;Indikeringstablå för detektorer;;apparat;0,12;;;;;;;;;
20;20609015;609;15;Dörrhållarmagnet inkl. konsol (exkl. anslutn.);;magnet;0,23;;;;;;;;;
20;20609020;609;20;Dragplatta (magnetankare) 4 fästskruv (exkl. anslutn.);;platta;0,2;;;;;;;;;
20;20611010;611;10;Skyddskorg skruvfast;;korg;0,09;;;;;;;;;
20;20611015;611;15;Skyddskorg snäppfast;;korg;0,02;;;;;;;;;
20;20611025;611;25;Belägga detektor med Tektyl el. likn;;detektor;0,03;;;;;;;;;
20;20611035;611;35;Adressenhet;;enhet;0,34;;;;;;;;;
20;20611040;611;40;Inställa kod detektor/bibrandskåp;;enhet;0,05;;;;;;;;;
20;20613010;613;10;Montera samplingsrör ≤25 mm;;m;0,12;;;;;;;;;
20;20613012;613;12;Skarvmuff/ändtätning/rörböj inkl. limning;;st;0,08;;;;;;;;;
20;20613013;613;13;T-koppling inkl. limning;;koppling;0,12;;;;;;;;;
20;20613016;613;16;Borra första hålet i samplingsrör;;arbetsställe;0,06;;;;;;;;;
20;20613017;613;17;Tillkommande hål;;st;0,02;;;;;;;;;
20;20613018;613;18;Signera tejp/skylt för hål;;st;0,04;;;;;;;;;
20;20613030;613;30;Montera centralenhet;;enhet;0,37;;;;;;;;;
20;20613035;613;35;Montera filterbox/detektorbox;;låda;0,2;;;;;;;;;
20;20613040;613;40;Montera separat kondensflaska/ljuddämpare inkl. limning;;st;0,2;;;;;;;;;
20;20613045;613;45;Montera filter;;filter;0,1;;;;;;;;;
20;20615010;615;10;Detektor mikrovåg/infra (anpassning) exkl. anslutning;;detektor;0,79;;;;;;;;;
20;20615015;615;15;Glasdetektor exkl. sladd;;detektor;0,25;;;;;;;;;
20;20615020;615;20;Anpassningsenhet för glasdetektor;;enhet;0,36;;;;;;;;;
20;20619010;619;10;Magnetkontakt inkl. infällning;;par;0,31;;;;;;;;;
20;20619015;619;15;Mellanlägg;;mellanlägg;0,02;;;;;;;;;
20;20619020;619;20;Skyddshuv;;huv;0,02;;;;;;;;;
20;20619025;619;25;Mjukkabel;;kabel;0,25;;;;;;;;;
20;20621010;621;10;Förbikopplingsapparat (anpassning) exkl. anslutning;;apparat;0,61;;;;;;;;;
20;20621015;621;15;Manöverapparat (anpassning) exkl. anslutning;;apparat;0,92;;;;;;;;;
20;20623010;623;10;TV/CCTV-kamera inkl. fast objektiv (exkl. anslutning);;kamera;0,53;;;;;;;;;
20;20623015;623;15;Kamerafäste/väggfäste/inställningssockel;;enhet;0,16;;;;;;;;;
20;20623020;623;20;Tillägg bult;;bult;0,06;;;;;;;;;
20;20623025;623;25;"Monitor ≤25"" inkl. anpassning";;monitor;0,41;;;;;;;;;
20;20623030;623;30;1-polig koaxialkontakt montering;;kontakt;0,13;;;;;;;;;
20;20630010;630;10;Antennuttag infällt i dosa inkl. ev. slutmotstånd;;uttag;0,18;;;;;;;;;
20;20630015;630;15;Antennuttag utvändigt inkl. ev. slutmotstånd;;uttag;0,28;;;;;;;;;
20;20637010;637;10;Fördelare/avtappare – två fördelningar;;enhet;0,33;;;;;;;;;
20;20637015;637;15;Tillkommande fördelning;;fördelning;0,08;;;;;;;;;
20;20639010;639;10;Färdigmonterad förstärkarutrustning ≤10 kg, inkl. ansl. t.o.m. 4 koaxproppar + vägguttag;;enhet;0,51;;;;;;;;;
20;20639015;639;15;D:o >10–25 kg;;enhet;0,64;;;;;;;;;
20;20639020;639;20;Förstärkarutrustning av flera enheter (t.o.m. 6) inkl. montering/ansl. t.o.m. 6 koaxproppar;;apparatkomb;1,53;;;;;;;;;
20;20639025;639;25;Tillkommande enhet (förstärkare el. likn.) inkl. montering/ansl.;;enhet;0,25;;;;;;;;;
20;20639030;639;30;Separat bredbandslinjeförstärkare el. likn. (t.o.m. 2 koaxproppar);;enhet;0,51;;;;;;;;;
20;20641010;641;10;Monteringsplatta trä inkl. 3 inkopplingar i påmonterat vägguttag;;platta;0,25;;;;;;;;;
20;20641015;641;15;Monteringsplatta för låda med förborrade hål;;platta;0,13;;;;;;;;;
20;20641020;641;20;Skyddsskåp inomhus för förstärkarutrustning;;skåp;0,51;;;;;;;;;
20;20641025;641;25;Jordningsskena;;skena;0,1;;;;;;;;;
20;20641030;641;30;Värmeelement;;element;0,1;;;;;;;;;
20;20641035;641;35;Signeringsskylt;;skylt;0,04;;;;;;;;;
20;20641040;641;40;Skyltram för signering;;ram;0,09;;;;;;;;;
20;20643010;643;10;Märka antenn/huvud-/grenkabel (≤6 tecken);;kabelände;0,04;;;;;;;;;
20;20643015;643;15;Inkoppla slutmotstånd i fördelare/avtappare;;motstånd;0,02;;;;;;;;;
20;20643020;643;20;Uppskala+inkoppla skärm koax till jordningsskena;;kabelände;0,06;;;;;;;;;
20;20643025;643;25;Montera koaxialpropp inkl. uppskalning;;propp;0,08;;;;;;;;;
20;20643030;643;30;Montera kabelförskruvning/armatur inkl. uppskalning;;förskruvning/armatur;0,08;;;;;;;;;
20;20643035;643;35;Skarva koaxialkabel med kopplingsdon inkl. montering;;skarv;0,15;;;;;;;;;
20;20755010;755;10;IBM kontaktdon;;don;0,23;;;;;;;;;
20;20755015;755;15;BNC-koaxkontakter (jack/propp/hylsa);;jack/propp;0,16;;;;;;;;;
20;20755023;755;23;Modularpropp, oskärmad kabel;;propp;0,1;;;;;;;;;
20;20757010;757;10;Montera modularpanel i stativ inkl. blindbrickor;;panel;0,15;;;;;;;;;
20;20757011;757;11;Fixera kabel i stativ med strips/kardborre;;m bunt kabel;0,04;;;;;;;;;
20;20757012;757;12;Anslut/montera patchkabel (≤3 m);;kabel;0,07;;;;;;;;;
20;20759001;759;1;Uppskalning kabel med/utan folieskärm;;kabelände;0,03;;;;;;;;;
20;20759002;759;2;Avlastning kabel i uttag/jack;;kabelände;0,02;;;;;;;;;
20;20759003;759;3;Tillägg folieskärm på partvinnad 4-par;;kabelände;0,04;;;;;;;;;
20;20759004;759;4;Uppfläta+tvinna trådskärm inkl. anslutning;;fläta;0,05;;;;;;;;;
20;20759005;759;5;Kontaktera jack inkl. ijackning – oskärmad;;jack;0,07;;;;;;;;;
20;20759006;759;6;Kontaktera jack inkl. ijackning – skärmad;;jack;0,08;;;;;;;;;
20;20759007;759;7;Snabbkontakteringsklämma inkl. ijackning – oskärmad;;jack;0,05;;;;;;;;;
20;20759008;759;8;Snabbkontakteringsklämma inkl. ijackning – skärmad;;jack;0,06;;;;;;;;;
20;20759009;759;9;Underdel på dosa;;u-del;0,02;;;;;;;;;
20;20759010;759;10;Kompl.-detaljer (centrumplatta/mont.bricka/blindpropp) typ fig.4;;uttag;0,02;;;;;;;;;
20;20759011;759;11;Kompl.-detaljer typ fig.5;;uttag;0,04;;;;;;;;;
20;20759012;759;12;Kontrollmätning med datainstrument inkl. dokumentation t.o.m. kat 6;;länk;0,11;;;;;;;;;
20;20760010;760;10;Ur-/inkoppling av sektion utan anmälan;;sektion;0,05;;;;;;;;;
20;20760011;760;11;Ur-/inkoppling av sektion med anmälan;;sektion;0,08;;;;;;;;;
20;20760012;760;12;Tillägg vid utökning/ändring i drift;;anläggning;0,19;;;;;;;;;
20;20760013;760;13;Registrering på boxkort (t.o.m. 20 klämmor/10-pars plint);;kort;0,27;;;;;;;;;
20;20760014;760;14;Nedt./återuppsättning ej skruvfastsatt kassett i undertak;;kassett;0,04;;;;;;;;;
20;20760021;760;21;Nedt./återuppsättning skruvfastsatta takplattor;;platta;0,12;;;;;;;;;
20;20760036;760;36;Fiskning i dörr/fönsterparti/profiler m.m.;;fiskning;0,2;;;;;;;;;
20;20762011;762;11;Uppringning teleledning/ledare;;uppringning;0,02;;;;;;;;;
20;20762012;762;12;Märka kabel/ledare märkbands/penna;;ledn.ände;0,01;;;;;;;;;
20;20762013;762;13;Märkhylsor max 10 mm – första hylsa;;första hylsa;0,01;;;;;;;;;
20;20762014;762;14;Tillkommande märkhylsor max 10 mm;;per hylsa;0,01;;;;;;;;;
20;20762015;762;15;Prefabricerad hylsa ≤25 mm;;per hylsa;0,03;;;;;;;;;
20;20762016;762;16;Tillägg prefabricerad hylsa >25 mm per 10 mm;;hylsa;0,01;;;;;;;;;
20;20762019;762;19;Texta kabelskylt;;skylt;0,01;;;;;;;;;
20;20762021;762;21;Märka kabel med kabelskylt;;skylt;0,01;;;;;;;;;
20;20764010;764;10;Sammanfoga ledare till stock + utplocka (bindgarn/plastband/tejp);;m stock;0,25;;;;;;;;;
20;20776010;776;10;Tillägg spec. svåråtkomligt/skymt inkopplingsställe;;inkoppling;0,02;;;;;;;;;
20;20776012;776;12;Montera skyddshylsa plast/gummi över anslutningsställe;;skyddshylsa;0,01;;;;;;;;;
20;20776035;776;35;Sätta motstånd/diod i apparat inkl. anslutning;;motstånd/diod;0,04;;;;;;;;;
20;20776037;776;37;Montera kretskort i apparat (exkl. anslutning);;kort;0,06;;;;;;;;;
20;20776039;776;39;Ansluta kretskort med snabbkoppling;;anslutning;0,01;;;;;;;;;
20;20776041;776;41;Adressera apparat;;adress;0,05;;;;;;;;;
20;20778010;778;10;Märkskylt ≤7×3 cm;;skylt;0,07;;;;;;;;;
20;20778011;778;11;Märkskylt/ram ≤21×30 cm;;skylt/ram;0,1;;;;;;;;;
20;20778015;778;15;Märka + montera signeringsskylt;;skylt;0,04;;;;;;;;;
20;20778020;778;20;Tillverka märkskylt m. elektronisk märkapparat + montera/tejp;;skyltlist;0,05;;;;;;;;;
20;20778021;778;21;Tillkapa skyltlist med kap- och håltång;;skyltlist;0,02;;;;;;;;;
20;20800010;800;10;Förläggning 10 mm YD;Instkanal/mark/öppen(-0)/ankarskena/stege(-1)/utvändigt synligt(-2);m rör;0,02;0,03;0,1;;;;;;;
20;20800011;800;11;Förläggning 16 mm YD;se ovan;m rör;0,03;0,03;0,1;;;;;;;
20;20800012;800;12;Förläggning 20 mm YD;se ovan;m rör;0,04;0,03;0,11;;;;;;;
20;20800013;800;13;Förläggning 24 mm YD;se ovan;m rör;0,05;0,04;0,13;;;;;;;
20;20800014;800;14;Förläggning 28 mm YD;se ovan;m rör;0,06;0,04;0,14;;;;;;;
20;20800015;800;15;Förläggning 32 mm YD;se ovan;m rör;0,07;0,05;0,15;;;;;;;
20;20800016;800;16;Förläggning 36 mm YD;se ovan;m rör;0,08;0,06;0,16;;;;;;;
20;20800017;800;17;Förläggning 40 mm YD;se ovan;m rör;0,09;0,07;0,17;;;;;;;
20;20801010;801;10;Tillägg najning på stege;Horisontell/Vertikal;m rör;0,01;0,03;;;;;;;;
20;20802010;802;10;Uppskalning rör ≤16 mm;Längd ≤1/1–2/2–3 m;rörände;0,09;0,12;0,15;;;;;;;
20;20802011;802;11;Uppskalning rör ≤28 mm;Längd ≤1/1–2/2–3 m;rörände;0,1;0,14;0,18;;;;;;;
20;20802012;802;12;Uppskalning rör ≤40 mm;Längd ≤1/1–2/2–3 m;rörände;0,11;0,16;0,22;;;;;;;
20;20803010;803;10;Tillägg uppskalning metallmantlat rör;;m;0,04;;;;;;;;;
20;20805010;805;10;Blåsa optofiber;;per 10 m;0,03;;;;;;;;;
20;20805015;805;15;Skarva mikrokanal (fig.2);;skarv;0,05;;;;;;;;;
20;20805020;805;20;Uppskalning optokabel;;m;0,06;;;;;;;;;
20;20805021;805;21;Kapa + rengöra tub från gel;;tub;0,08;;;;;;;;;
20;20805030;805;30;Terminera fibersvans (pigtail) ≤24 st/arbetsställe;;st;0,24;;;;;;;;;
20;20805031;805;31;Terminera fibersvans (pigtail) >24 st/arbetsställe;;st;0,18;;;;;;;;;
20;20805035;805;35;Tillägg skruvfast skarvstycke/adapter;;skarvstycke;0,02;;;;;;;;;
20;20805036;805;36;Hopmontera fiberpanel;;panel;0,3;;;;;;;;;
20;20805037;805;37;Montera panel i stativ;;panel;0,15;;;;;;;;;
20;20805038;805;38;Montera uttagsbox (oavsett underlag);;box;0,1;;;;;;;;;
20;20805040;805;40;DB-mätning av länk inkl. dokumentation;;länk;0,17;;;;;;;;;
20;20998010;998;10;Vid uppsättning av enheter;Motordrivna/ej;arbetsställe;0,09;;;;;;;;;
20;20998011;998;11;Vid uppsättning av sampelrör/opto.;Motordrivna/ej;m förläggn. sträcka;0,04;;;;;;;;;
20;20998012;998;12;Vid håltagning;Motordrivna/ej;arbetsställe;0,09;;;;;;;;;
